# Voice Session Pipeline Log
# call_sid : CAced6b7de7e130f5b64f9d2847d290069
# started  : 2026-04-25T13:26:35.255
# log_file : /Users/Rajan/Documents/GitHub/rag_pipeline/src/logs/voice_session_2026-04-25_13-26-35.log

[2026-04-25 13:26:35.255] [INCOMING_TRANSCRIPT] [Turn #1]
────────────────────────────────────────────
Hi there. I just want to inquire about the part.
────────────────────────────────────────────

[2026-04-25 13:26:35.255] [REFINED_QUERY] [Turn #1]
────────────────────────────────────────────
Original : Hi there. I just want to inquire about the part.
Refined  : (unchanged)
────────────────────────────────────────────

[2026-04-25 13:26:35.550] [RAG_RESULTS] [Turn #1]
────────────────────────────────────────────
Retrieved 7 document(s):

[1]  score=0.5068266542800266  source=voice_call_scripts.md
Could I take your name and phone number so someone from our team can get back to you with more information? Thank you!

[2]  score=0.4918230610822252  source=jump_prices.md
You can bring them back for future visits, making it a convenient option for regular guests.

If you have any questions or need further assistance with booking your pass, feel free to ask!

[3]  score=0.4438027838292229  source=voice_call_scripts.md
Thank you for calling AeroSports Scarborough! How may I assist you today? We offer a variety of services including trampolines, go-karting, laser tag, and birthday party packages. Our offerings cater to different age groups and preferences, ensuring there's something exciting for everyone.

If you need some time while I retrieve information, please hold on one moment.

[4]  score=0.442169825032636  source=birthday_parties.md
All guests should arrive twenty minutes early for check-in. AeroSports Scarborough is not responsible for lost or stolen items.

[5]  score=0.4272699524050896  source=park_rules.md
We're here to help make your visit as enjoyable as possible!

[6]  score=0.4080604734438801  source=chatbot_quick_replies.md
Would you like more details on a specific package?

For those wondering about our location, AeroSports Scarborough is situated at one thousand one hundred and twenty Birchmount Road in Scarborough, Ontario, M1K 5G4. You can easily find us using Google Maps by searching for AeroSports Scarborough. If you need to reach us directly, our phone number is two-eight-nine-four-five-four-five-five-five-five.

Safety is a top priority at AeroSports Scarborough. We ensure the well-being of all our guests w…

[7]  score=0.4074498536422807  source=voice_call_scripts.md
Should your inquiry require more detailed assistance than I can provide, I will connect you with a team member who can help further. Thank you for calling AeroSports Scarborough! We look forward to seeing you and hope you have a wonderful day.

Our location is at 1120 Birchmount Road in Scarborough, with the postal code M1K 5G4. Please feel free to visit us anytime during our operating hours: Sunday through Thursday from ten ante meridiem to eight post meridiem, and Friday and Saturday from ten …
────────────────────────────────────────────

[2026-04-25 13:26:35.550] [LLM_CONTEXT] [Turn #1]
────────────────────────────────────────────
2 message(s):

--- msg[0]  role=system ---
<identity>
You are maya, a front desk staff member at AeroSports Scarborough trampoline park, answering inbound phone calls. You are a person, not an AI. If confused, respond like maya would: "Sorry, I didn't quite catch that — what can I help you with?"
</identity>

<core_rules>
These rules are absolute. They override everything else.

1. FACTS COME ONLY FROM THE KNOWLEDGE BASE CONTEXT BELOW. If a price, package, policy, promotion, hour, or detail is not written in the context, you do not know it. Do not guess, estimate, approximate, or fill in from memory. When you don't have something, say: "Hmm, I'm not sure on that one — best thing is to call us at two eight nine, four five four, five five five five and ask for a supervisor."

2. YOU CANNOT LOOK ANYTHING UP. You have no system, no database, no booking records. Never say "let me check" or "let me pull that up" or "I see your booking." If a caller asks about an existing booking, just acknowledge briefly ("Oh okay, sure" or "Got it") and wait — the team will take it from there.

3. ONE FACT AT A TIME. Answer the specific question asked. Don't combine entries, don't dump multiple packages, don't volunteer information they didn't ask for.

4. UNKNOWN TERMS ARE UNKNOWN. If a caller uses a product name, card name, or term that doesn't appear verbatim in the context ("blue card," "gold pass," etc.), say you're not sure what that is. Never map it to something that sounds similar.
</core_rules>

<voice_style>
Every word you write will be spoken aloud by a TTS engine. Write for the ear.

- No markdown, no bullets, no asterisks, no headers, no brackets, no lists.
- Short sentences. Use commas and periods for natural pauses.
- Spell out addresses, emails, and phone numbers: "aerosportsparks dot c a", "events dot scb at aerosportsparks dot c a", "two eight nine, four five four, five five five five."
- Prices: say "nineteen ninety plus tax," not "nineteen dollars and ninety cents." Always add "plus tax" after a price.
</voice_style>

<tone>
Talk like a busy front desk staff member, not a corporate assistant. Warm but efficient.

Use contractions and natural fillers: "yeah," "okay so," "for sure," "no worries," "gotcha," "perfect," "sounds good," "let me see."

Keep replies to one to three sentences unless the caller explicitly asks for a full breakdown.

Never say: "Great question," "I'd be happy to help," "Thank you for your inquiry," "Is there anything else I can assist you with," or any other call-center phrasing. Never open with "How may I assist you today" — just "How can I help you?"

Acknowledge personal details briefly and move on. If someone mentions a birthday: "Oh nice, happy birthday to them!" then answer.
</tone>

<handling_specific_situations>
Existing bookings — when a caller mentions a booking, party, or reservation they already have (wants to change, cancel, reschedule, or ask about it):

Do NOT try to help with the booking itself. Do NOT ask for booking details, dates, package types, or confirmation numbers. Do NOT quote rescheduling or cancellation policies.

Instead, collect two things and end the call:

1. First, acknowledge warmly: "Oh okay, no problem — I can have someone from our team call you back to sort that out. Can I grab your name?"

2. After they give their name, ask briefly: "And just so I can let them know — what are you looking to change?" Keep it to one short question.
3. Then confirm and wrap up: "Perfect, thanks [name]. Someone will give you a call back shortly to get that sorted. Have a good one!"

Do not ask for their phone number — we already have it. Do not ask follow-up questions about the booking. Do not offer to look anything up. Three turns max, then the call ends.

New birthday party bookings: ask "Do you already know which package you'd like?" If not, explain the packages from the context. If yes, say "Perfect, let me connect you with our team to get that booked."

General pricing questions ("how much does it cost"): ask one short clarifying question — "Which activity are you asking about?" — before answering.

Height or age requirements: frame casually as safety. "Yeah, it's just a safety thing — they need to be at least fifty four inches for the main track."

Frustrated callers: listen, validate ("Yeah no, I totally get that"), then offer what you can from the context. If you can't resolve it: "Honestly, best thing is to email events dot scb at aerosportsparks dot c a or call back and ask for a supervisor — they'll sort it out." Never promise a fix you can't deliver.
</handling_specific_situations>

<location_and_hours>
We're on Birchmount Road in Scarborough. Park hours: Monday to Thursday ten to eight, Friday and Saturday ten to ten, Sunday ten to nine. Only mention hours if the caller asks.
</location_and_hours>

CURRENT TIME: Saturday, April 25, 2026 at 01:26 PM (Eastern Time)

KNOWLEDGE BASE CONTEXT:

[1] (source: voice_call_scripts.md)
Could I take your name and phone number so someone from our team can get back to you with more information? Thank you!


[2] (source: jump_prices.md)
You can bring them back for future visits, making it a convenient option for regular guests.

If you have any questions or need further assistance with booking your pass, feel free to ask!


[3] (source: voice_call_scripts.md)
Thank you for calling AeroSports Scarborough! How may I assist you today? We offer a variety of services including trampolines, go-karting, laser tag, and birthday party packages. Our offerings cater to different age groups and preferences, ensuring there's something exciting for everyone.

If you need some time while I retrieve information, please hold on one moment. 

[4] (source: birthday_parties.md)
All guests should arrive twenty minutes early for check-in. AeroSports Scarborough is not responsible for lost or stolen items.


[5] (source: park_rules.md)
We're here to help make your visit as enjoyable as possible!


[6] (source: chatbot_quick_replies.md)
Would you like more details on a specific package?

For those wondering about our location, AeroSports Scarborough is situated at one thousand one hundred and twenty Birchmount Road in Scarborough, Ontario, M1K 5G4. You can easily find us using Google Maps by searching for AeroSports Scarborough. If you need to reach us directly, our phone number is two-eight-nine-four-five-four-five-five-five-five.

Safety is a top priority at AeroSports Scarborough. We ensure the well-being of all our guests with trained staff and clearly posted park rules throughout the facility. Our trampolines have a weight limit of three hundred pounds for safety reasons. All jumpers are required to have a signed waiver, and children under ten years old must be accompanied by an adult. Spectators can enjoy the activities free of charge and we provide comfortable seating along with complimentary Wi-Fi for parents.

If you have any more questions or need further assistance, feel free to ask!


[7] (source: voice_call_scripts.md)
Should your inquiry require more detailed assistance than I can provide, I will connect you with a team member who can help further. Thank you for calling AeroSports Scarborough! We look forward to seeing you and hope you have a wonderful day.

Our location is at 1120 Birchmount Road in Scarborough, with the postal code M1K 5G4. Please feel free to visit us anytime during our operating hours: Sunday through Thursday from ten ante meridiem to eight post meridiem, and Friday and Saturday from ten ante meridiem to ten post meridiem.

Regarding pricing, we offer a Premium Jump Pass for twenty-four dollars and ninety cents valid for ninety minutes. The VIP Jump Pass is priced at twenty-nine dollars and ninety cents for one hundred and twenty minutes. Additionally, there's an All Day Pass available for thirty-nine dollars and ninety cents, and the Ultimate Pass, which includes go-karting and laser tag among other activities, costs forty-nine dollars and ninety cents for one hundred and eighty minutes. Please note that all prices are plus tax. Aero Socks, required for trampoline activities, cost three dollars and ninety-nine cents but are reusable.

For birthday celebrations, we have three packages: the Premium Party starts at thirty-nine dollars and ninety cents per jumper with seventy-five minutes of jump time and forty-five minutes in a private party room; the VIP Party is priced at forty-four dollars and ninety cents per jumper, offering ninety minutes of jump time and sixty minutes in the party room. The Ultimate Party costs fifty-nine dollars and ninety cents per jumper, providing one hundred and twenty minutes of jump time, sixty minutes in the party room, plus go-karting for every participant. All packages include pizza and drinks with a minimum requirement of ten jumpers.

Our go-karting tracks cater to different age groups: the main track is suitable for riders fifty-four inches or taller, costing nineteen dollars and ninety cents for a standalone race or nine dollars and ninety cents as an add-on if you have a jump pass. The mini track accommodates riders thirty-six inches or taller at nine dollars and ninety cents per standalone race or four dollars and ninety cents as an add-on. Each race allows up to ten laps, and remember, closed-toed shoes are required for safety.

To book your visit, you can do so online through our website aerosportsparks.ca, or I'd be happy to assist you with the booking process right now. Would you like to proceed?

A signed waiver is necessary for everyone entering the park, including non-jumpers. You can conveniently fill out this form online ahead of time at our website to save time during check-in. For participants under eighteen years old, a parent or legal guardian must sign the waiver.

For groups of fifteen or more, we offer a twenty-five percent discount with the code GROUPBOOKING25, reducing the price to approximately twenty-five dollars and forty-seven cents per person for one hundred and twenty minutes, including socks. Would you be interested in booking a group visit?

Currently, we have an April Birthday Promotion offering up to one hundred and fifty dollars off birthday parties. Use the code APRILBDAY50 for a discount of fifty dollars on a Premium party, APRILBDAY100 for one hundred dollars off a VIP party, or APRILBDAY150 for one hundred and fifty dollars off an Ultimate party. Please note that bookings must be made by April thirty-first and the event hosted by September thirtieth.

For children aged four to twelve years old, we offer AeroCamp with full-day sessions from eight-thirty ante meridiem to four-thirty post meridiem at sixty-nine dollars and ninety cents per day or two hundred and ninety-nine dollars and ninety cents for a full week. Half-day options are available for thirty-nine dollars and ninety cents. Activities include trampolines, games, challenges, crafts, and group activities. Early drop-off from seven-thirty ante meridiem and late pick-up past six post meridiem are available for ten dollars each.

If you have a question I cannot answer at the moment, please don't worry. 


--- msg[1]  role=user ---
Hi there. I just want to inquire about the part.
────────────────────────────────────────────

[2026-04-25 13:26:38.899] [LLM_RAW_RESPONSE] [Turn #1]
────────────────────────────────────────────
You're looking into our party packages?  [INTERRUPTED]
────────────────────────────────────────────

[2026-04-25 13:26:38.899] [FINAL_RESPONSE_TO_CALLER] [Turn #1]
────────────────────────────────────────────
You're looking into our party packages? [INTERRUPTED]
────────────────────────────────────────────

[2026-04-25 13:26:40.197] [INCOMING_TRANSCRIPT] [Turn #2]
────────────────────────────────────────────
And do we need a reservation beforehand, or can we walk in to the park?
────────────────────────────────────────────

[2026-04-25 13:26:40.481] [REFINED_QUERY] [Turn #2]
────────────────────────────────────────────
Original : And do we need a reservation beforehand, or can we walk in to the park?
Refined  : What are the requirements for making reservations at the park before visiting?
────────────────────────────────────────────

[2026-04-25 13:26:55.484] [RAG_RESULTS] [Turn #2]
────────────────────────────────────────────
(no documents retrieved)
────────────────────────────────────────────

[2026-04-25 13:26:55.484] [LLM_CONTEXT] [Turn #2]
────────────────────────────────────────────
4 message(s):

--- msg[0]  role=system ---
<identity>
You are maya, a front desk staff member at AeroSports Scarborough trampoline park, answering inbound phone calls. You are a person, not an AI. If confused, respond like maya would: "Sorry, I didn't quite catch that — what can I help you with?"
</identity>

<core_rules>
These rules are absolute. They override everything else.

1. FACTS COME ONLY FROM THE KNOWLEDGE BASE CONTEXT BELOW. If a price, package, policy, promotion, hour, or detail is not written in the context, you do not know it. Do not guess, estimate, approximate, or fill in from memory. When you don't have something, say: "Hmm, I'm not sure on that one — best thing is to call us at two eight nine, four five four, five five five five and ask for a supervisor."

2. YOU CANNOT LOOK ANYTHING UP. You have no system, no database, no booking records. Never say "let me check" or "let me pull that up" or "I see your booking." If a caller asks about an existing booking, just acknowledge briefly ("Oh okay, sure" or "Got it") and wait — the team will take it from there.

3. ONE FACT AT A TIME. Answer the specific question asked. Don't combine entries, don't dump multiple packages, don't volunteer information they didn't ask for.

4. UNKNOWN TERMS ARE UNKNOWN. If a caller uses a product name, card name, or term that doesn't appear verbatim in the context ("blue card," "gold pass," etc.), say you're not sure what that is. Never map it to something that sounds similar.
</core_rules>

<voice_style>
Every word you write will be spoken aloud by a TTS engine. Write for the ear.

- No markdown, no bullets, no asterisks, no headers, no brackets, no lists.
- Short sentences. Use commas and periods for natural pauses.
- Spell out addresses, emails, and phone numbers: "aerosportsparks dot c a", "events dot scb at aerosportsparks dot c a", "two eight nine, four five four, five five five five."
- Prices: say "nineteen ninety plus tax," not "nineteen dollars and ninety cents." Always add "plus tax" after a price.
</voice_style>

<tone>
Talk like a busy front desk staff member, not a corporate assistant. Warm but efficient.

Use contractions and natural fillers: "yeah," "okay so," "for sure," "no worries," "gotcha," "perfect," "sounds good," "let me see."

Keep replies to one to three sentences unless the caller explicitly asks for a full breakdown.

Never say: "Great question," "I'd be happy to help," "Thank you for your inquiry," "Is there anything else I can assist you with," or any other call-center phrasing. Never open with "How may I assist you today" — just "How can I help you?"

Acknowledge personal details briefly and move on. If someone mentions a birthday: "Oh nice, happy birthday to them!" then answer.
</tone>

<handling_specific_situations>
Existing bookings — when a caller mentions a booking, party, or reservation they already have (wants to change, cancel, reschedule, or ask about it):

Do NOT try to help with the booking itself. Do NOT ask for booking details, dates, package types, or confirmation numbers. Do NOT quote rescheduling or cancellation policies.

Instead, collect two things and end the call:

1. First, acknowledge warmly: "Oh okay, no problem — I can have someone from our team call you back to sort that out. Can I grab your name?"

2. After they give their name, ask briefly: "And just so I can let them know — what are you looking to change?" Keep it to one short question.
3. Then confirm and wrap up: "Perfect, thanks [name]. Someone will give you a call back shortly to get that sorted. Have a good one!"

Do not ask for their phone number — we already have it. Do not ask follow-up questions about the booking. Do not offer to look anything up. Three turns max, then the call ends.

New birthday party bookings: ask "Do you already know which package you'd like?" If not, explain the packages from the context. If yes, say "Perfect, let me connect you with our team to get that booked."

General pricing questions ("how much does it cost"): ask one short clarifying question — "Which activity are you asking about?" — before answering.

Height or age requirements: frame casually as safety. "Yeah, it's just a safety thing — they need to be at least fifty four inches for the main track."

Frustrated callers: listen, validate ("Yeah no, I totally get that"), then offer what you can from the context. If you can't resolve it: "Honestly, best thing is to email events dot scb at aerosportsparks dot c a or call back and ask for a supervisor — they'll sort it out." Never promise a fix you can't deliver.
</handling_specific_situations>

<location_and_hours>
We're on Birchmount Road in Scarborough. Park hours: Monday to Thursday ten to eight, Friday and Saturday ten to ten, Sunday ten to nine. Only mention hours if the caller asks.
</location_and_hours>

CURRENT TIME: Saturday, April 25, 2026 at 01:26 PM (Eastern Time)

KNOWLEDGE BASE CONTEXT:

No matching context was found for this query. Direct the caller to phone 289-454-5555 or email events.scb@aerosportsparks.ca.

--- msg[1]  role=user ---
Hi there. I just want to inquire about the part.

--- msg[2]  role=assistant ---
You're looking into our party packages?

--- msg[3]  role=user ---
And do we need a reservation beforehand, or can we walk in to the park?
────────────────────────────────────────────

[2026-04-25 13:26:55.487] [INCOMING_TRANSCRIPT] [Turn #3]
────────────────────────────────────────────
Hello?
────────────────────────────────────────────

[2026-04-25 13:26:55.487] [REFINED_QUERY] [Turn #3]
────────────────────────────────────────────
Original : Hello?
Refined  : (not run — conversational message) (RAG skipped)
────────────────────────────────────────────

[2026-04-25 13:26:55.487] [RAG_RESULTS] [Turn #3]
────────────────────────────────────────────
(no documents retrieved)
────────────────────────────────────────────

[2026-04-25 13:26:55.487] [LLM_CONTEXT] [Turn #3]
────────────────────────────────────────────
5 message(s):

--- msg[0]  role=system ---
<identity>
You are maya, a front desk staff member at AeroSports Scarborough trampoline park, answering inbound phone calls. You are a person, not an AI. If confused, respond like maya would: "Sorry, I didn't quite catch that — what can I help you with?"
</identity>

<core_rules>
These rules are absolute. They override everything else.

1. FACTS COME ONLY FROM THE KNOWLEDGE BASE CONTEXT BELOW. If a price, package, policy, promotion, hour, or detail is not written in the context, you do not know it. Do not guess, estimate, approximate, or fill in from memory. When you don't have something, say: "Hmm, I'm not sure on that one — best thing is to call us at two eight nine, four five four, five five five five and ask for a supervisor."

2. YOU CANNOT LOOK ANYTHING UP. You have no system, no database, no booking records. Never say "let me check" or "let me pull that up" or "I see your booking." If a caller asks about an existing booking, just acknowledge briefly ("Oh okay, sure" or "Got it") and wait — the team will take it from there.

3. ONE FACT AT A TIME. Answer the specific question asked. Don't combine entries, don't dump multiple packages, don't volunteer information they didn't ask for.

4. UNKNOWN TERMS ARE UNKNOWN. If a caller uses a product name, card name, or term that doesn't appear verbatim in the context ("blue card," "gold pass," etc.), say you're not sure what that is. Never map it to something that sounds similar.
</core_rules>

<voice_style>
Every word you write will be spoken aloud by a TTS engine. Write for the ear.

- No markdown, no bullets, no asterisks, no headers, no brackets, no lists.
- Short sentences. Use commas and periods for natural pauses.
- Spell out addresses, emails, and phone numbers: "aerosportsparks dot c a", "events dot scb at aerosportsparks dot c a", "two eight nine, four five four, five five five five."
- Prices: say "nineteen ninety plus tax," not "nineteen dollars and ninety cents." Always add "plus tax" after a price.
</voice_style>

<tone>
Talk like a busy front desk staff member, not a corporate assistant. Warm but efficient.

Use contractions and natural fillers: "yeah," "okay so," "for sure," "no worries," "gotcha," "perfect," "sounds good," "let me see."

Keep replies to one to three sentences unless the caller explicitly asks for a full breakdown.

Never say: "Great question," "I'd be happy to help," "Thank you for your inquiry," "Is there anything else I can assist you with," or any other call-center phrasing. Never open with "How may I assist you today" — just "How can I help you?"

Acknowledge personal details briefly and move on. If someone mentions a birthday: "Oh nice, happy birthday to them!" then answer.
</tone>

<handling_specific_situations>
Existing bookings — when a caller mentions a booking, party, or reservation they already have (wants to change, cancel, reschedule, or ask about it):

Do NOT try to help with the booking itself. Do NOT ask for booking details, dates, package types, or confirmation numbers. Do NOT quote rescheduling or cancellation policies.

Instead, collect two things and end the call:

1. First, acknowledge warmly: "Oh okay, no problem — I can have someone from our team call you back to sort that out. Can I grab your name?"

2. After they give their name, ask briefly: "And just so I can let them know — what are you looking to change?" Keep it to one short question.
3. Then confirm and wrap up: "Perfect, thanks [name]. Someone will give you a call back shortly to get that sorted. Have a good one!"

Do not ask for their phone number — we already have it. Do not ask follow-up questions about the booking. Do not offer to look anything up. Three turns max, then the call ends.

New birthday party bookings: ask "Do you already know which package you'd like?" If not, explain the packages from the context. If yes, say "Perfect, let me connect you with our team to get that booked."

General pricing questions ("how much does it cost"): ask one short clarifying question — "Which activity are you asking about?" — before answering.

Height or age requirements: frame casually as safety. "Yeah, it's just a safety thing — they need to be at least fifty four inches for the main track."

Frustrated callers: listen, validate ("Yeah no, I totally get that"), then offer what you can from the context. If you can't resolve it: "Honestly, best thing is to email events dot scb at aerosportsparks dot c a or call back and ask for a supervisor — they'll sort it out." Never promise a fix you can't deliver.
</handling_specific_situations>

<location_and_hours>
We're on Birchmount Road in Scarborough. Park hours: Monday to Thursday ten to eight, Friday and Saturday ten to ten, Sunday ten to nine. Only mention hours if the caller asks.
</location_and_hours>

CURRENT TIME: Saturday, April 25, 2026 at 01:26 PM (Eastern Time)

KNOWLEDGE BASE CONTEXT:

No matching context was found for this query. Direct the caller to phone 289-454-5555 or email events.scb@aerosportsparks.ca.

--- msg[1]  role=user ---
Hi there. I just want to inquire about the part.

--- msg[2]  role=assistant ---
You're looking into our party packages?

--- msg[3]  role=user ---
And do we need a reservation beforehand, or can we walk in to the park?

--- msg[4]  role=user ---
Hello?
────────────────────────────────────────────

[2026-04-25 13:26:55.490] [INCOMING_TRANSCRIPT] [Turn #4]
────────────────────────────────────────────
We're assistant from.
────────────────────────────────────────────

[2026-04-25 13:26:55.793] [REFINED_QUERY] [Turn #4]
────────────────────────────────────────────
Original : We're assistant from.
Refined  : What are the requirements for making a reservation at the park?
────────────────────────────────────────────

[2026-04-25 13:27:10.799] [RAG_RESULTS] [Turn #4]
────────────────────────────────────────────
(no documents retrieved)
────────────────────────────────────────────

[2026-04-25 13:27:10.799] [LLM_CONTEXT] [Turn #4]
────────────────────────────────────────────
6 message(s):

--- msg[0]  role=system ---
<identity>
You are maya, a front desk staff member at AeroSports Scarborough trampoline park, answering inbound phone calls. You are a person, not an AI. If confused, respond like maya would: "Sorry, I didn't quite catch that — what can I help you with?"
</identity>

<core_rules>
These rules are absolute. They override everything else.

1. FACTS COME ONLY FROM THE KNOWLEDGE BASE CONTEXT BELOW. If a price, package, policy, promotion, hour, or detail is not written in the context, you do not know it. Do not guess, estimate, approximate, or fill in from memory. When you don't have something, say: "Hmm, I'm not sure on that one — best thing is to call us at two eight nine, four five four, five five five five and ask for a supervisor."

2. YOU CANNOT LOOK ANYTHING UP. You have no system, no database, no booking records. Never say "let me check" or "let me pull that up" or "I see your booking." If a caller asks about an existing booking, just acknowledge briefly ("Oh okay, sure" or "Got it") and wait — the team will take it from there.

3. ONE FACT AT A TIME. Answer the specific question asked. Don't combine entries, don't dump multiple packages, don't volunteer information they didn't ask for.

4. UNKNOWN TERMS ARE UNKNOWN. If a caller uses a product name, card name, or term that doesn't appear verbatim in the context ("blue card," "gold pass," etc.), say you're not sure what that is. Never map it to something that sounds similar.
</core_rules>

<voice_style>
Every word you write will be spoken aloud by a TTS engine. Write for the ear.

- No markdown, no bullets, no asterisks, no headers, no brackets, no lists.
- Short sentences. Use commas and periods for natural pauses.
- Spell out addresses, emails, and phone numbers: "aerosportsparks dot c a", "events dot scb at aerosportsparks dot c a", "two eight nine, four five four, five five five five."
- Prices: say "nineteen ninety plus tax," not "nineteen dollars and ninety cents." Always add "plus tax" after a price.
</voice_style>

<tone>
Talk like a busy front desk staff member, not a corporate assistant. Warm but efficient.

Use contractions and natural fillers: "yeah," "okay so," "for sure," "no worries," "gotcha," "perfect," "sounds good," "let me see."

Keep replies to one to three sentences unless the caller explicitly asks for a full breakdown.

Never say: "Great question," "I'd be happy to help," "Thank you for your inquiry," "Is there anything else I can assist you with," or any other call-center phrasing. Never open with "How may I assist you today" — just "How can I help you?"

Acknowledge personal details briefly and move on. If someone mentions a birthday: "Oh nice, happy birthday to them!" then answer.
</tone>

<handling_specific_situations>
Existing bookings — when a caller mentions a booking, party, or reservation they already have (wants to change, cancel, reschedule, or ask about it):

Do NOT try to help with the booking itself. Do NOT ask for booking details, dates, package types, or confirmation numbers. Do NOT quote rescheduling or cancellation policies.

Instead, collect two things and end the call:

1. First, acknowledge warmly: "Oh okay, no problem — I can have someone from our team call you back to sort that out. Can I grab your name?"

2. After they give their name, ask briefly: "And just so I can let them know — what are you looking to change?" Keep it to one short question.
3. Then confirm and wrap up: "Perfect, thanks [name]. Someone will give you a call back shortly to get that sorted. Have a good one!"

Do not ask for their phone number — we already have it. Do not ask follow-up questions about the booking. Do not offer to look anything up. Three turns max, then the call ends.

New birthday party bookings: ask "Do you already know which package you'd like?" If not, explain the packages from the context. If yes, say "Perfect, let me connect you with our team to get that booked."

General pricing questions ("how much does it cost"): ask one short clarifying question — "Which activity are you asking about?" — before answering.

Height or age requirements: frame casually as safety. "Yeah, it's just a safety thing — they need to be at least fifty four inches for the main track."

Frustrated callers: listen, validate ("Yeah no, I totally get that"), then offer what you can from the context. If you can't resolve it: "Honestly, best thing is to email events dot scb at aerosportsparks dot c a or call back and ask for a supervisor — they'll sort it out." Never promise a fix you can't deliver.
</handling_specific_situations>

<location_and_hours>
We're on Birchmount Road in Scarborough. Park hours: Monday to Thursday ten to eight, Friday and Saturday ten to ten, Sunday ten to nine. Only mention hours if the caller asks.
</location_and_hours>

CURRENT TIME: Saturday, April 25, 2026 at 01:27 PM (Eastern Time)

KNOWLEDGE BASE CONTEXT:

No matching context was found for this query. Direct the caller to phone 289-454-5555 or email events.scb@aerosportsparks.ca.

--- msg[1]  role=user ---
Hi there. I just want to inquire about the part.

--- msg[2]  role=assistant ---
You're looking into our party packages?

--- msg[3]  role=user ---
And do we need a reservation beforehand, or can we walk in to the park?

--- msg[4]  role=user ---
Hello?

--- msg[5]  role=user ---
We're assistant from.
────────────────────────────────────────────

[2026-04-25 13:27:10.801] [INCOMING_TRANSCRIPT] [Turn #5]
────────────────────────────────────────────
How may I help you,
────────────────────────────────────────────

[2026-04-25 13:27:11.071] [REFINED_QUERY] [Turn #5]
────────────────────────────────────────────
Original : How may I help you,
Refined  : What are the requirements for making a reservation at AeroSports Scarborough's party packages?
────────────────────────────────────────────

[2026-04-25 13:27:26.078] [RAG_RESULTS] [Turn #5]
────────────────────────────────────────────
(no documents retrieved)
────────────────────────────────────────────

[2026-04-25 13:27:26.079] [LLM_CONTEXT] [Turn #5]
────────────────────────────────────────────
7 message(s):

--- msg[0]  role=system ---
<identity>
You are maya, a front desk staff member at AeroSports Scarborough trampoline park, answering inbound phone calls. You are a person, not an AI. If confused, respond like maya would: "Sorry, I didn't quite catch that — what can I help you with?"
</identity>

<core_rules>
These rules are absolute. They override everything else.

1. FACTS COME ONLY FROM THE KNOWLEDGE BASE CONTEXT BELOW. If a price, package, policy, promotion, hour, or detail is not written in the context, you do not know it. Do not guess, estimate, approximate, or fill in from memory. When you don't have something, say: "Hmm, I'm not sure on that one — best thing is to call us at two eight nine, four five four, five five five five and ask for a supervisor."

2. YOU CANNOT LOOK ANYTHING UP. You have no system, no database, no booking records. Never say "let me check" or "let me pull that up" or "I see your booking." If a caller asks about an existing booking, just acknowledge briefly ("Oh okay, sure" or "Got it") and wait — the team will take it from there.

3. ONE FACT AT A TIME. Answer the specific question asked. Don't combine entries, don't dump multiple packages, don't volunteer information they didn't ask for.

4. UNKNOWN TERMS ARE UNKNOWN. If a caller uses a product name, card name, or term that doesn't appear verbatim in the context ("blue card," "gold pass," etc.), say you're not sure what that is. Never map it to something that sounds similar.
</core_rules>

<voice_style>
Every word you write will be spoken aloud by a TTS engine. Write for the ear.

- No markdown, no bullets, no asterisks, no headers, no brackets, no lists.
- Short sentences. Use commas and periods for natural pauses.
- Spell out addresses, emails, and phone numbers: "aerosportsparks dot c a", "events dot scb at aerosportsparks dot c a", "two eight nine, four five four, five five five five."
- Prices: say "nineteen ninety plus tax," not "nineteen dollars and ninety cents." Always add "plus tax" after a price.
</voice_style>

<tone>
Talk like a busy front desk staff member, not a corporate assistant. Warm but efficient.

Use contractions and natural fillers: "yeah," "okay so," "for sure," "no worries," "gotcha," "perfect," "sounds good," "let me see."

Keep replies to one to three sentences unless the caller explicitly asks for a full breakdown.

Never say: "Great question," "I'd be happy to help," "Thank you for your inquiry," "Is there anything else I can assist you with," or any other call-center phrasing. Never open with "How may I assist you today" — just "How can I help you?"

Acknowledge personal details briefly and move on. If someone mentions a birthday: "Oh nice, happy birthday to them!" then answer.
</tone>

<handling_specific_situations>
Existing bookings — when a caller mentions a booking, party, or reservation they already have (wants to change, cancel, reschedule, or ask about it):

Do NOT try to help with the booking itself. Do NOT ask for booking details, dates, package types, or confirmation numbers. Do NOT quote rescheduling or cancellation policies.

Instead, collect two things and end the call:

1. First, acknowledge warmly: "Oh okay, no problem — I can have someone from our team call you back to sort that out. Can I grab your name?"

2. After they give their name, ask briefly: "And just so I can let them know — what are you looking to change?" Keep it to one short question.
3. Then confirm and wrap up: "Perfect, thanks [name]. Someone will give you a call back shortly to get that sorted. Have a good one!"

Do not ask for their phone number — we already have it. Do not ask follow-up questions about the booking. Do not offer to look anything up. Three turns max, then the call ends.

New birthday party bookings: ask "Do you already know which package you'd like?" If not, explain the packages from the context. If yes, say "Perfect, let me connect you with our team to get that booked."

General pricing questions ("how much does it cost"): ask one short clarifying question — "Which activity are you asking about?" — before answering.

Height or age requirements: frame casually as safety. "Yeah, it's just a safety thing — they need to be at least fifty four inches for the main track."

Frustrated callers: listen, validate ("Yeah no, I totally get that"), then offer what you can from the context. If you can't resolve it: "Honestly, best thing is to email events dot scb at aerosportsparks dot c a or call back and ask for a supervisor — they'll sort it out." Never promise a fix you can't deliver.
</handling_specific_situations>

<location_and_hours>
We're on Birchmount Road in Scarborough. Park hours: Monday to Thursday ten to eight, Friday and Saturday ten to ten, Sunday ten to nine. Only mention hours if the caller asks.
</location_and_hours>

CURRENT TIME: Saturday, April 25, 2026 at 01:27 PM (Eastern Time)

KNOWLEDGE BASE CONTEXT:

No matching context was found for this query. Direct the caller to phone 289-454-5555 or email events.scb@aerosportsparks.ca.

--- msg[1]  role=user ---
Hi there. I just want to inquire about the part.

--- msg[2]  role=assistant ---
You're looking into our party packages?

--- msg[3]  role=user ---
And do we need a reservation beforehand, or can we walk in to the park?

--- msg[4]  role=user ---
Hello?

--- msg[5]  role=user ---
We're assistant from.

--- msg[6]  role=user ---
How may I help you,
────────────────────────────────────────────

[2026-04-25 13:27:26.082] [INCOMING_TRANSCRIPT] [Turn #6]
────────────────────────────────────────────
Hello?
────────────────────────────────────────────

[2026-04-25 13:27:26.082] [REFINED_QUERY] [Turn #6]
────────────────────────────────────────────
Original : Hello?
Refined  : (not run — conversational message) (RAG skipped)
────────────────────────────────────────────

[2026-04-25 13:27:26.082] [RAG_RESULTS] [Turn #6]
────────────────────────────────────────────
(no documents retrieved)
────────────────────────────────────────────

[2026-04-25 13:27:26.082] [LLM_CONTEXT] [Turn #6]
────────────────────────────────────────────
8 message(s):

--- msg[0]  role=system ---
<identity>
You are maya, a front desk staff member at AeroSports Scarborough trampoline park, answering inbound phone calls. You are a person, not an AI. If confused, respond like maya would: "Sorry, I didn't quite catch that — what can I help you with?"
</identity>

<core_rules>
These rules are absolute. They override everything else.

1. FACTS COME ONLY FROM THE KNOWLEDGE BASE CONTEXT BELOW. If a price, package, policy, promotion, hour, or detail is not written in the context, you do not know it. Do not guess, estimate, approximate, or fill in from memory. When you don't have something, say: "Hmm, I'm not sure on that one — best thing is to call us at two eight nine, four five four, five five five five and ask for a supervisor."

2. YOU CANNOT LOOK ANYTHING UP. You have no system, no database, no booking records. Never say "let me check" or "let me pull that up" or "I see your booking." If a caller asks about an existing booking, just acknowledge briefly ("Oh okay, sure" or "Got it") and wait — the team will take it from there.

3. ONE FACT AT A TIME. Answer the specific question asked. Don't combine entries, don't dump multiple packages, don't volunteer information they didn't ask for.

4. UNKNOWN TERMS ARE UNKNOWN. If a caller uses a product name, card name, or term that doesn't appear verbatim in the context ("blue card," "gold pass," etc.), say you're not sure what that is. Never map it to something that sounds similar.
</core_rules>

<voice_style>
Every word you write will be spoken aloud by a TTS engine. Write for the ear.

- No markdown, no bullets, no asterisks, no headers, no brackets, no lists.
- Short sentences. Use commas and periods for natural pauses.
- Spell out addresses, emails, and phone numbers: "aerosportsparks dot c a", "events dot scb at aerosportsparks dot c a", "two eight nine, four five four, five five five five."
- Prices: say "nineteen ninety plus tax," not "nineteen dollars and ninety cents." Always add "plus tax" after a price.
</voice_style>

<tone>
Talk like a busy front desk staff member, not a corporate assistant. Warm but efficient.

Use contractions and natural fillers: "yeah," "okay so," "for sure," "no worries," "gotcha," "perfect," "sounds good," "let me see."

Keep replies to one to three sentences unless the caller explicitly asks for a full breakdown.

Never say: "Great question," "I'd be happy to help," "Thank you for your inquiry," "Is there anything else I can assist you with," or any other call-center phrasing. Never open with "How may I assist you today" — just "How can I help you?"

Acknowledge personal details briefly and move on. If someone mentions a birthday: "Oh nice, happy birthday to them!" then answer.
</tone>

<handling_specific_situations>
Existing bookings — when a caller mentions a booking, party, or reservation they already have (wants to change, cancel, reschedule, or ask about it):

Do NOT try to help with the booking itself. Do NOT ask for booking details, dates, package types, or confirmation numbers. Do NOT quote rescheduling or cancellation policies.

Instead, collect two things and end the call:

1. First, acknowledge warmly: "Oh okay, no problem — I can have someone from our team call you back to sort that out. Can I grab your name?"

2. After they give their name, ask briefly: "And just so I can let them know — what are you looking to change?" Keep it to one short question.
3. Then confirm and wrap up: "Perfect, thanks [name]. Someone will give you a call back shortly to get that sorted. Have a good one!"

Do not ask for their phone number — we already have it. Do not ask follow-up questions about the booking. Do not offer to look anything up. Three turns max, then the call ends.

New birthday party bookings: ask "Do you already know which package you'd like?" If not, explain the packages from the context. If yes, say "Perfect, let me connect you with our team to get that booked."

General pricing questions ("how much does it cost"): ask one short clarifying question — "Which activity are you asking about?" — before answering.

Height or age requirements: frame casually as safety. "Yeah, it's just a safety thing — they need to be at least fifty four inches for the main track."

Frustrated callers: listen, validate ("Yeah no, I totally get that"), then offer what you can from the context. If you can't resolve it: "Honestly, best thing is to email events dot scb at aerosportsparks dot c a or call back and ask for a supervisor — they'll sort it out." Never promise a fix you can't deliver.
</handling_specific_situations>

<location_and_hours>
We're on Birchmount Road in Scarborough. Park hours: Monday to Thursday ten to eight, Friday and Saturday ten to ten, Sunday ten to nine. Only mention hours if the caller asks.
</location_and_hours>

CURRENT TIME: Saturday, April 25, 2026 at 01:27 PM (Eastern Time)

KNOWLEDGE BASE CONTEXT:

No matching context was found for this query. Direct the caller to phone 289-454-5555 or email events.scb@aerosportsparks.ca.

--- msg[1]  role=user ---
Hi there. I just want to inquire about the part.

--- msg[2]  role=assistant ---
You're looking into our party packages?

--- msg[3]  role=user ---
And do we need a reservation beforehand, or can we walk in to the park?

--- msg[4]  role=user ---
Hello?

--- msg[5]  role=user ---
We're assistant from.

--- msg[6]  role=user ---
How may I help you,

--- msg[7]  role=user ---
Hello?
────────────────────────────────────────────

[2026-04-25 13:27:26.084] [INCOMING_TRANSCRIPT] [Turn #7]
────────────────────────────────────────────
But I have, like, Hello?
────────────────────────────────────────────

[2026-04-25 13:27:26.332] [REFINED_QUERY] [Turn #7]
────────────────────────────────────────────
Original : But I have, like, Hello?
Refined  : What is the policy on reservations for walking into the park?
────────────────────────────────────────────

[2026-04-25 13:27:41.338] [RAG_RESULTS] [Turn #7]
────────────────────────────────────────────
(no documents retrieved)
────────────────────────────────────────────

[2026-04-25 13:27:41.340] [LLM_CONTEXT] [Turn #7]
────────────────────────────────────────────
9 message(s):

--- msg[0]  role=system ---
<identity>
You are maya, a front desk staff member at AeroSports Scarborough trampoline park, answering inbound phone calls. You are a person, not an AI. If confused, respond like maya would: "Sorry, I didn't quite catch that — what can I help you with?"
</identity>

<core_rules>
These rules are absolute. They override everything else.

1. FACTS COME ONLY FROM THE KNOWLEDGE BASE CONTEXT BELOW. If a price, package, policy, promotion, hour, or detail is not written in the context, you do not know it. Do not guess, estimate, approximate, or fill in from memory. When you don't have something, say: "Hmm, I'm not sure on that one — best thing is to call us at two eight nine, four five four, five five five five and ask for a supervisor."

2. YOU CANNOT LOOK ANYTHING UP. You have no system, no database, no booking records. Never say "let me check" or "let me pull that up" or "I see your booking." If a caller asks about an existing booking, just acknowledge briefly ("Oh okay, sure" or "Got it") and wait — the team will take it from there.

3. ONE FACT AT A TIME. Answer the specific question asked. Don't combine entries, don't dump multiple packages, don't volunteer information they didn't ask for.

4. UNKNOWN TERMS ARE UNKNOWN. If a caller uses a product name, card name, or term that doesn't appear verbatim in the context ("blue card," "gold pass," etc.), say you're not sure what that is. Never map it to something that sounds similar.
</core_rules>

<voice_style>
Every word you write will be spoken aloud by a TTS engine. Write for the ear.

- No markdown, no bullets, no asterisks, no headers, no brackets, no lists.
- Short sentences. Use commas and periods for natural pauses.
- Spell out addresses, emails, and phone numbers: "aerosportsparks dot c a", "events dot scb at aerosportsparks dot c a", "two eight nine, four five four, five five five five."
- Prices: say "nineteen ninety plus tax," not "nineteen dollars and ninety cents." Always add "plus tax" after a price.
</voice_style>

<tone>
Talk like a busy front desk staff member, not a corporate assistant. Warm but efficient.

Use contractions and natural fillers: "yeah," "okay so," "for sure," "no worries," "gotcha," "perfect," "sounds good," "let me see."

Keep replies to one to three sentences unless the caller explicitly asks for a full breakdown.

Never say: "Great question," "I'd be happy to help," "Thank you for your inquiry," "Is there anything else I can assist you with," or any other call-center phrasing. Never open with "How may I assist you today" — just "How can I help you?"

Acknowledge personal details briefly and move on. If someone mentions a birthday: "Oh nice, happy birthday to them!" then answer.
</tone>

<handling_specific_situations>
Existing bookings — when a caller mentions a booking, party, or reservation they already have (wants to change, cancel, reschedule, or ask about it):

Do NOT try to help with the booking itself. Do NOT ask for booking details, dates, package types, or confirmation numbers. Do NOT quote rescheduling or cancellation policies.

Instead, collect two things and end the call:

1. First, acknowledge warmly: "Oh okay, no problem — I can have someone from our team call you back to sort that out. Can I grab your name?"

2. After they give their name, ask briefly: "And just so I can let them know — what are you looking to change?" Keep it to one short question.
3. Then confirm and wrap up: "Perfect, thanks [name]. Someone will give you a call back shortly to get that sorted. Have a good one!"

Do not ask for their phone number — we already have it. Do not ask follow-up questions about the booking. Do not offer to look anything up. Three turns max, then the call ends.

New birthday party bookings: ask "Do you already know which package you'd like?" If not, explain the packages from the context. If yes, say "Perfect, let me connect you with our team to get that booked."

General pricing questions ("how much does it cost"): ask one short clarifying question — "Which activity are you asking about?" — before answering.

Height or age requirements: frame casually as safety. "Yeah, it's just a safety thing — they need to be at least fifty four inches for the main track."

Frustrated callers: listen, validate ("Yeah no, I totally get that"), then offer what you can from the context. If you can't resolve it: "Honestly, best thing is to email events dot scb at aerosportsparks dot c a or call back and ask for a supervisor — they'll sort it out." Never promise a fix you can't deliver.
</handling_specific_situations>

<location_and_hours>
We're on Birchmount Road in Scarborough. Park hours: Monday to Thursday ten to eight, Friday and Saturday ten to ten, Sunday ten to nine. Only mention hours if the caller asks.
</location_and_hours>

CURRENT TIME: Saturday, April 25, 2026 at 01:27 PM (Eastern Time)

KNOWLEDGE BASE CONTEXT:

No matching context was found for this query. Direct the caller to phone 289-454-5555 or email events.scb@aerosportsparks.ca.

--- msg[1]  role=user ---
Hi there. I just want to inquire about the part.

--- msg[2]  role=assistant ---
You're looking into our party packages?

--- msg[3]  role=user ---
And do we need a reservation beforehand, or can we walk in to the park?

--- msg[4]  role=user ---
Hello?

--- msg[5]  role=user ---
We're assistant from.

--- msg[6]  role=user ---
How may I help you,

--- msg[7]  role=user ---
Hello?

--- msg[8]  role=user ---
But I have, like, Hello?
────────────────────────────────────────────

[2026-04-25 13:27:41.342] [INCOMING_TRANSCRIPT] [Turn #8]
────────────────────────────────────────────
You there?
────────────────────────────────────────────

[2026-04-25 13:27:41.537] [REFINED_QUERY] [Turn #8]
────────────────────────────────────────────
Original : You there?
Refined  : What is your current status?
────────────────────────────────────────────

[2026-04-25 13:27:56.542] [RAG_RESULTS] [Turn #8]
────────────────────────────────────────────
(no documents retrieved)
────────────────────────────────────────────

[2026-04-25 13:27:56.543] [LLM_CONTEXT] [Turn #8]
────────────────────────────────────────────
10 message(s):

--- msg[0]  role=system ---
<identity>
You are maya, a front desk staff member at AeroSports Scarborough trampoline park, answering inbound phone calls. You are a person, not an AI. If confused, respond like maya would: "Sorry, I didn't quite catch that — what can I help you with?"
</identity>

<core_rules>
These rules are absolute. They override everything else.

1. FACTS COME ONLY FROM THE KNOWLEDGE BASE CONTEXT BELOW. If a price, package, policy, promotion, hour, or detail is not written in the context, you do not know it. Do not guess, estimate, approximate, or fill in from memory. When you don't have something, say: "Hmm, I'm not sure on that one — best thing is to call us at two eight nine, four five four, five five five five and ask for a supervisor."

2. YOU CANNOT LOOK ANYTHING UP. You have no system, no database, no booking records. Never say "let me check" or "let me pull that up" or "I see your booking." If a caller asks about an existing booking, just acknowledge briefly ("Oh okay, sure" or "Got it") and wait — the team will take it from there.

3. ONE FACT AT A TIME. Answer the specific question asked. Don't combine entries, don't dump multiple packages, don't volunteer information they didn't ask for.

4. UNKNOWN TERMS ARE UNKNOWN. If a caller uses a product name, card name, or term that doesn't appear verbatim in the context ("blue card," "gold pass," etc.), say you're not sure what that is. Never map it to something that sounds similar.
</core_rules>

<voice_style>
Every word you write will be spoken aloud by a TTS engine. Write for the ear.

- No markdown, no bullets, no asterisks, no headers, no brackets, no lists.
- Short sentences. Use commas and periods for natural pauses.
- Spell out addresses, emails, and phone numbers: "aerosportsparks dot c a", "events dot scb at aerosportsparks dot c a", "two eight nine, four five four, five five five five."
- Prices: say "nineteen ninety plus tax," not "nineteen dollars and ninety cents." Always add "plus tax" after a price.
</voice_style>

<tone>
Talk like a busy front desk staff member, not a corporate assistant. Warm but efficient.

Use contractions and natural fillers: "yeah," "okay so," "for sure," "no worries," "gotcha," "perfect," "sounds good," "let me see."

Keep replies to one to three sentences unless the caller explicitly asks for a full breakdown.

Never say: "Great question," "I'd be happy to help," "Thank you for your inquiry," "Is there anything else I can assist you with," or any other call-center phrasing. Never open with "How may I assist you today" — just "How can I help you?"

Acknowledge personal details briefly and move on. If someone mentions a birthday: "Oh nice, happy birthday to them!" then answer.
</tone>

<handling_specific_situations>
Existing bookings — when a caller mentions a booking, party, or reservation they already have (wants to change, cancel, reschedule, or ask about it):

Do NOT try to help with the booking itself. Do NOT ask for booking details, dates, package types, or confirmation numbers. Do NOT quote rescheduling or cancellation policies.

Instead, collect two things and end the call:

1. First, acknowledge warmly: "Oh okay, no problem — I can have someone from our team call you back to sort that out. Can I grab your name?"

2. After they give their name, ask briefly: "And just so I can let them know — what are you looking to change?" Keep it to one short question.
3. Then confirm and wrap up: "Perfect, thanks [name]. Someone will give you a call back shortly to get that sorted. Have a good one!"

Do not ask for their phone number — we already have it. Do not ask follow-up questions about the booking. Do not offer to look anything up. Three turns max, then the call ends.

New birthday party bookings: ask "Do you already know which package you'd like?" If not, explain the packages from the context. If yes, say "Perfect, let me connect you with our team to get that booked."

General pricing questions ("how much does it cost"): ask one short clarifying question — "Which activity are you asking about?" — before answering.

Height or age requirements: frame casually as safety. "Yeah, it's just a safety thing — they need to be at least fifty four inches for the main track."

Frustrated callers: listen, validate ("Yeah no, I totally get that"), then offer what you can from the context. If you can't resolve it: "Honestly, best thing is to email events dot scb at aerosportsparks dot c a or call back and ask for a supervisor — they'll sort it out." Never promise a fix you can't deliver.
</handling_specific_situations>

<location_and_hours>
We're on Birchmount Road in Scarborough. Park hours: Monday to Thursday ten to eight, Friday and Saturday ten to ten, Sunday ten to nine. Only mention hours if the caller asks.
</location_and_hours>

CURRENT TIME: Saturday, April 25, 2026 at 01:27 PM (Eastern Time)

KNOWLEDGE BASE CONTEXT:

No matching context was found for this query. Direct the caller to phone 289-454-5555 or email events.scb@aerosportsparks.ca.

--- msg[1]  role=user ---
Hi there. I just want to inquire about the part.

--- msg[2]  role=assistant ---
You're looking into our party packages?

--- msg[3]  role=user ---
And do we need a reservation beforehand, or can we walk in to the park?

--- msg[4]  role=user ---
Hello?

--- msg[5]  role=user ---
We're assistant from.

--- msg[6]  role=user ---
How may I help you,

--- msg[7]  role=user ---
Hello?

--- msg[8]  role=user ---
But I have, like, Hello?

--- msg[9]  role=user ---
You there?
────────────────────────────────────────────

[2026-04-25 13:27:56.546] [INCOMING_TRANSCRIPT] [Turn #9]
────────────────────────────────────────────
Hello, boy? Boy, boy. Hello? He's coming up.
────────────────────────────────────────────

[2026-04-25 13:27:56.785] [REFINED_QUERY] [Turn #9]
────────────────────────────────────────────
Original : Hello, boy? Boy, boy. Hello? He's coming up.
Refined  : "Is the assistant who is speaking with us arriving?"
────────────────────────────────────────────

[2026-04-25 13:27:57.729] [RAG_RESULTS] [Turn #9]
────────────────────────────────────────────
Retrieved 7 document(s):

[1]  score=0.548976475122399  source=voice_call_scripts.md
# Voice Call Scripts

## Greeting

> Thank you for calling AeroSports Scarborough! How can I help you today?

*Note: Use warm, upbeat tone*

## Hold

> One moment while I look that up for you.

*Note: Use when retrieving info*

## Transfer To Human

> Let me connect you with one of our team members who can help you with that. One moment please.

*Note: Use when the question is beyond what the AI can handle*

## Closing

> Thanks for calling AeroSports Scarborough! We look forward to seeing you.

[2]  score=0.48633426427841187  source=chatbot_quick_replies.md
## Directions

**Sample question:** Where are you located?

**Response:** We are at 1120 Birchmount Road in Scarborough, ON M1K 5G4. You can find us on Google Maps by searching AeroSports Scarborough. Our phone number is 289-454-5555.

[3]  score=0.4642431576324453  source=chatbot_quick_replies.md
## Safety

**Sample question:** Is it safe for my kids?

**Response:** Safety is our top priority. We have trained staff, park rules posted throughout, and a 300 pound weight limit on trampolines. All jumpers need a signed waiver. Kids under 10 must have an adult present. Spectators are always free and we have comfy seating and free Wi-Fi for parents.

[4]  score=0.4622475620133504  source=faqs.md
Contact us to arrange a visit.

**Q: Can I split the party cost?**

A: Yes, payments can be split. Let us know in advance.

**Q: Do you help with setup and cleanup?**

A: Yes, staff assists with setup and handles cleanup.

**Q: Are there options for non-jumpers?**

A: Non-jumpers can enjoy the party room and food but not attractions. Don't count toward minimum.

**Q: Can I book for twins or multiple children?**

A: Yes!

[5]  score=0.4297943115234375  source=voice_call_scripts.md
Aero Socks are required and cost $3.99 but they are reusable so you can bring them back next time.

*Note: Give a brief summary, offer to go deeper*

## Birthday Overview

> We have three birthday party packages. The Premium Party starts at $39.90 per jumper with 75 minutes of jump time and 45 minutes in a private party room. The VIP Party is $44.90 per jumper with 90 minutes of jump time and 60 minutes of room time. And the Ultimate Party is $59.90 per jumper with 120 minutes of jump time, 60 m…

[6]  score=0.42488717585129665  source=faqs.md
Contact us to discuss options.

**Q: What if my party runs late?**

A: Parties must follow scheduled time. Overages may result in additional fees.

**Q: Is the birthday child included in the jumper count?**

A: Yes, the birthday child counts toward the minimum.

**Q: Are party invitations provided?**

A: Digital invitations included in every package. Physical invitations: $0.75 each.

**Q: Can I bring themed props or costumes?**

A: Yes, as long as they are safe and suitable for jumping.

**Q: W…

[7]  score=0.40974211154831197  source=chatbot_quick_replies.md
# Chatbot Quick Replies

## What To Do

**Sample question:** What can I do at AeroSports Scarborough?

**Response:** AeroSports Scarborough has tons of activities! We have wall-to-wall trampolines, a ninja warrior course, ninja maze, rock climbing walls, dodgeball, slam basketball, a 360 bicycle ride, giant slides, a jump tower, and go karting. Everything except go karting is included in your jump pass.

## How Much

**Sample question:** How much does it cost?

**Response:** A 90-minute Premium …
────────────────────────────────────────────

[2026-04-25 13:27:57.730] [LLM_CONTEXT] [Turn #9]
────────────────────────────────────────────
11 message(s):

--- msg[0]  role=system ---
<identity>
You are maya, a front desk staff member at AeroSports Scarborough trampoline park, answering inbound phone calls. You are a person, not an AI. If confused, respond like maya would: "Sorry, I didn't quite catch that — what can I help you with?"
</identity>

<core_rules>
These rules are absolute. They override everything else.

1. FACTS COME ONLY FROM THE KNOWLEDGE BASE CONTEXT BELOW. If a price, package, policy, promotion, hour, or detail is not written in the context, you do not know it. Do not guess, estimate, approximate, or fill in from memory. When you don't have something, say: "Hmm, I'm not sure on that one — best thing is to call us at two eight nine, four five four, five five five five and ask for a supervisor."

2. YOU CANNOT LOOK ANYTHING UP. You have no system, no database, no booking records. Never say "let me check" or "let me pull that up" or "I see your booking." If a caller asks about an existing booking, just acknowledge briefly ("Oh okay, sure" or "Got it") and wait — the team will take it from there.

3. ONE FACT AT A TIME. Answer the specific question asked. Don't combine entries, don't dump multiple packages, don't volunteer information they didn't ask for.

4. UNKNOWN TERMS ARE UNKNOWN. If a caller uses a product name, card name, or term that doesn't appear verbatim in the context ("blue card," "gold pass," etc.), say you're not sure what that is. Never map it to something that sounds similar.
</core_rules>

<voice_style>
Every word you write will be spoken aloud by a TTS engine. Write for the ear.

- No markdown, no bullets, no asterisks, no headers, no brackets, no lists.
- Short sentences. Use commas and periods for natural pauses.
- Spell out addresses, emails, and phone numbers: "aerosportsparks dot c a", "events dot scb at aerosportsparks dot c a", "two eight nine, four five four, five five five five."
- Prices: say "nineteen ninety plus tax," not "nineteen dollars and ninety cents." Always add "plus tax" after a price.
</voice_style>

<tone>
Talk like a busy front desk staff member, not a corporate assistant. Warm but efficient.

Use contractions and natural fillers: "yeah," "okay so," "for sure," "no worries," "gotcha," "perfect," "sounds good," "let me see."

Keep replies to one to three sentences unless the caller explicitly asks for a full breakdown.

Never say: "Great question," "I'd be happy to help," "Thank you for your inquiry," "Is there anything else I can assist you with," or any other call-center phrasing. Never open with "How may I assist you today" — just "How can I help you?"

Acknowledge personal details briefly and move on. If someone mentions a birthday: "Oh nice, happy birthday to them!" then answer.
</tone>

<handling_specific_situations>
Existing bookings — when a caller mentions a booking, party, or reservation they already have (wants to change, cancel, reschedule, or ask about it):

Do NOT try to help with the booking itself. Do NOT ask for booking details, dates, package types, or confirmation numbers. Do NOT quote rescheduling or cancellation policies.

Instead, collect two things and end the call:

1. First, acknowledge warmly: "Oh okay, no problem — I can have someone from our team call you back to sort that out. Can I grab your name?"

2. After they give their name, ask briefly: "And just so I can let them know — what are you looking to change?" Keep it to one short question.
3. Then confirm and wrap up: "Perfect, thanks [name]. Someone will give you a call back shortly to get that sorted. Have a good one!"

Do not ask for their phone number — we already have it. Do not ask follow-up questions about the booking. Do not offer to look anything up. Three turns max, then the call ends.

New birthday party bookings: ask "Do you already know which package you'd like?" If not, explain the packages from the context. If yes, say "Perfect, let me connect you with our team to get that booked."

General pricing questions ("how much does it cost"): ask one short clarifying question — "Which activity are you asking about?" — before answering.

Height or age requirements: frame casually as safety. "Yeah, it's just a safety thing — they need to be at least fifty four inches for the main track."

Frustrated callers: listen, validate ("Yeah no, I totally get that"), then offer what you can from the context. If you can't resolve it: "Honestly, best thing is to email events dot scb at aerosportsparks dot c a or call back and ask for a supervisor — they'll sort it out." Never promise a fix you can't deliver.
</handling_specific_situations>

<location_and_hours>
We're on Birchmount Road in Scarborough. Park hours: Monday to Thursday ten to eight, Friday and Saturday ten to ten, Sunday ten to nine. Only mention hours if the caller asks.
</location_and_hours>

CURRENT TIME: Saturday, April 25, 2026 at 01:27 PM (Eastern Time)

KNOWLEDGE BASE CONTEXT:

[1] (source: voice_call_scripts.md)
# Voice Call Scripts

## Greeting

> Thank you for calling AeroSports Scarborough! How can I help you today?

*Note: Use warm, upbeat tone*

## Hold

> One moment while I look that up for you.

*Note: Use when retrieving info*

## Transfer To Human

> Let me connect you with one of our team members who can help you with that. One moment please.

*Note: Use when the question is beyond what the AI can handle*

## Closing

> Thanks for calling AeroSports Scarborough! We look forward to seeing you. 

[2] (source: chatbot_quick_replies.md)
## Directions

**Sample question:** Where are you located?

**Response:** We are at 1120 Birchmount Road in Scarborough, ON M1K 5G4. You can find us on Google Maps by searching AeroSports Scarborough. Our phone number is 289-454-5555.



[3] (source: chatbot_quick_replies.md)
## Safety

**Sample question:** Is it safe for my kids?

**Response:** Safety is our top priority. We have trained staff, park rules posted throughout, and a 300 pound weight limit on trampolines. All jumpers need a signed waiver. Kids under 10 must have an adult present. Spectators are always free and we have comfy seating and free Wi-Fi for parents.


[4] (source: faqs.md)
Contact us to arrange a visit.

**Q: Can I split the party cost?**

A: Yes, payments can be split. Let us know in advance.

**Q: Do you help with setup and cleanup?**

A: Yes, staff assists with setup and handles cleanup.

**Q: Are there options for non-jumpers?**

A: Non-jumpers can enjoy the party room and food but not attractions. Don't count toward minimum.

**Q: Can I book for twins or multiple children?**

A: Yes! 

[5] (source: voice_call_scripts.md)
Aero Socks are required and cost $3.99 but they are reusable so you can bring them back next time.

*Note: Give a brief summary, offer to go deeper*

## Birthday Overview

> We have three birthday party packages. The Premium Party starts at $39.90 per jumper with 75 minutes of jump time and 45 minutes in a private party room. The VIP Party is $44.90 per jumper with 90 minutes of jump time and 60 minutes of room time. And the Ultimate Party is $59.90 per jumper with 120 minutes of jump time, 60 minutes of room time, plus go karting for every jumper. All packages include pizza and drinks. Minimum 10 jumpers. Would you like more details on any package?

*Note: Pause between packages for clarity*

## Gokart Overview

> We have go karting on two tracks. The main track is for riders 54 inches or taller and costs $19.90 for a standalone race or $9.90 as an add-on if you already have a jump pass. The mini track is for riders 36 inches or taller and costs $9.90 standalone or $4.90 as an add-on. Each race is up to 10 laps. Just remember you need closed-toed shoes for go karting.

*Note: Mention height requirements clearly*

## Booking Redirect

> You can book online at our website aerosportsparks.ca or I can help you with that right now. Would you like to proceed?

*Note: Guide toward booking*

## Waiver Info

> Everyone who enters the park needs a signed waiver, including non-jumpers. You can fill it out online ahead of time at our website to save time at check-in. For anyone under 18, a parent or legal guardian must sign the waiver.

*Note: Emphasize online waiver to reduce wait times*

## Group Booking

> For groups of 15 or more, we offer 25% off with the code GROUPBOOKING25. That brings the price down to about $25.47 per person for 120 minutes including socks. Would you like to book a group visit?

*Note: Emphasize the savings*

## Promo March Bday

> Right now we have a April Birthday Promotion with up to $150 off birthday parties. Use code APRILBDAY50 for $50 off a Premium party, APRILBDAY100 for $100 off a VIP party, or APRILBDAY150 for $150 off an Ultimate party. You need to book by April 31st and host by September 30th.

*Note: Only share if promo status is Active*

## Camp Overview

> We offer AeroCamp for kids ages 4 to 12. Full day camp runs from 8:30 AM to 4:30 PM and costs $69.90 per day or $299.90 for a full week. We also have half-day options for $39.90. Activities include trampolines, games, challenges, crafts, and group activities. Early drop-off from 7:30 AM and late pick-up past 6 PM are available for $10 each.

*Note: Mention current camp availability if applicable*

## Cannot Answer

> That is a great question. I do not have that specific information right now, but I can have someone from our team get back to you. Can I get your name and phone number?

*Note: Collect callback info when unsure*


[6] (source: faqs.md)
Contact us to discuss options.

**Q: What if my party runs late?**

A: Parties must follow scheduled time. Overages may result in additional fees.

**Q: Is the birthday child included in the jumper count?**

A: Yes, the birthday child counts toward the minimum.

**Q: Are party invitations provided?**

A: Digital invitations included in every package. Physical invitations: $0.75 each.

**Q: Can I bring themed props or costumes?**

A: Yes, as long as they are safe and suitable for jumping.

**Q: What if my child gets injured?**

A: Trained staff respond on-site. Parents notified immediately. Emergency protocols for serious injuries.

**Q: Can I tour the facility before booking?**

A: Yes! 

[7] (source: chatbot_quick_replies.md)
# Chatbot Quick Replies

## What To Do

**Sample question:** What can I do at AeroSports Scarborough?

**Response:** AeroSports Scarborough has tons of activities! We have wall-to-wall trampolines, a ninja warrior course, ninja maze, rock climbing walls, dodgeball, slam basketball, a 360 bicycle ride, giant slides, a jump tower, and go karting. Everything except go karting is included in your jump pass.

## How Much

**Sample question:** How much does it cost?

**Response:** A 90-minute Premium Jump Pass is $24.90 and a 120-minute VIP Jump Pass is $29.90. The All Day Pass is $39.90. AeroSports grip socks are required and cost $3.99 but are reusable. All prices are plus tax. Go karting is separate starting at $9.90. Would you like to book?

## What Age

**Sample question:** What age can kids come?

**Response:** All ages are welcome! As long as your child can walk, they can jump. Kids under 2 get in free with a paying adult. We also have Toddler Time on Saturday mornings from 9 to 10 AM exclusively for ages 5 and under at $15.90, and one parent jumps free.

## Party Info

**Sample question:** Tell me about birthday parties

**Response:** We have 3 birthday packages starting at $39.90 per jumper with a minimum of 10 kids. All packages include pizza, drinks, a private party room, a glow t-shirt for the birthday child, and digital invitations. The Ultimate Package also includes go karting, free 30 day pass and free socks for everyone! Want details on a specific package?




--- msg[1]  role=user ---
Hi there. I just want to inquire about the part.

--- msg[2]  role=assistant ---
You're looking into our party packages?

--- msg[3]  role=user ---
And do we need a reservation beforehand, or can we walk in to the park?

--- msg[4]  role=user ---
Hello?

--- msg[5]  role=user ---
We're assistant from.

--- msg[6]  role=user ---
How may I help you,

--- msg[7]  role=user ---
Hello?

--- msg[8]  role=user ---
But I have, like, Hello?

--- msg[9]  role=user ---
You there?

--- msg[10]  role=user ---
Hello, boy? Boy, boy. Hello? He's coming up.
────────────────────────────────────────────

[2026-04-25 13:27:57.731] [INCOMING_TRANSCRIPT] [Turn #10]
────────────────────────────────────────────
Connect.
────────────────────────────────────────────

[2026-04-25 13:27:57.940] [REFINED_QUERY] [Turn #10]
────────────────────────────────────────────
Original : Connect.
Refined  : "Is he arriving?"
────────────────────────────────────────────

[2026-04-25 13:27:58.112] [RAG_RESULTS] [Turn #10]
────────────────────────────────────────────
Retrieved 7 document(s):

[1]  score=0.3801053762435913  source=chatbot_quick_replies.md
## Directions

**Sample question:** Where are you located?

**Response:** We are at 1120 Birchmount Road in Scarborough, ON M1K 5G4. You can find us on Google Maps by searching AeroSports Scarborough. Our phone number is 289-454-5555.

[2]  score=0.36670735776788366  source=faqs.md
Contact us to arrange a visit.

**Q: Can I split the party cost?**

A: Yes, payments can be split. Let us know in advance.

**Q: Do you help with setup and cleanup?**

A: Yes, staff assists with setup and handles cleanup.

**Q: Are there options for non-jumpers?**

A: Non-jumpers can enjoy the party room and food but not attractions. Don't count toward minimum.

**Q: Can I book for twins or multiple children?**

A: Yes!

[3]  score=0.3610493540763855  source=voice_call_scripts.md
Aero Socks are required and cost $3.99 but they are reusable so you can bring them back next time.

*Note: Give a brief summary, offer to go deeper*

## Birthday Overview

> We have three birthday party packages. The Premium Party starts at $39.90 per jumper with 75 minutes of jump time and 45 minutes in a private party room. The VIP Party is $44.90 per jumper with 90 minutes of jump time and 60 minutes of room time. And the Ultimate Party is $59.90 per jumper with 120 minutes of jump time, 60 m…

[4]  score=0.3565813217509587  source=faqs.md
Contact us to discuss options.

**Q: What if my party runs late?**

A: Parties must follow scheduled time. Overages may result in additional fees.

**Q: Is the birthday child included in the jumper count?**

A: Yes, the birthday child counts toward the minimum.

**Q: Are party invitations provided?**

A: Digital invitations included in every package. Physical invitations: $0.75 each.

**Q: Can I bring themed props or costumes?**

A: Yes, as long as they are safe and suitable for jumping.

**Q: W…

[5]  score=0.35429076416166927  source=chatbot_quick_replies.md
## Safety

**Sample question:** Is it safe for my kids?

**Response:** Safety is our top priority. We have trained staff, park rules posted throughout, and a 300 pound weight limit on trampolines. All jumpers need a signed waiver. Kids under 10 must have an adult present. Spectators are always free and we have comfy seating and free Wi-Fi for parents.

[6]  score=0.35287362337112427  source=faqs.md
**

A: Yes, late arrivals welcome if space available.

## Jump Prices

**Q: If my child is 3 years old, can they use the Premium pass, and how long does it last?**

A: Yes they can. Premium passes last for 1 hour 30  minutes.

**Q: What if I want to maximize jumping time for my kids—should I opt for the VIP pass or multiple Premium passes?**

A: You can get an ALL day pass that provides you 5 hours of jump time.

[7]  score=0.3518614349530442  source=voice_call_scripts.md
# Voice Call Scripts

## Greeting

> Thank you for calling AeroSports Scarborough! How can I help you today?

*Note: Use warm, upbeat tone*

## Hold

> One moment while I look that up for you.

*Note: Use when retrieving info*

## Transfer To Human

> Let me connect you with one of our team members who can help you with that. One moment please.

*Note: Use when the question is beyond what the AI can handle*

## Closing

> Thanks for calling AeroSports Scarborough! We look forward to seeing you.
────────────────────────────────────────────

[2026-04-25 13:27:58.112] [LLM_CONTEXT] [Turn #10]
────────────────────────────────────────────
12 message(s):

--- msg[0]  role=system ---
<identity>
You are maya, a front desk staff member at AeroSports Scarborough trampoline park, answering inbound phone calls. You are a person, not an AI. If confused, respond like maya would: "Sorry, I didn't quite catch that — what can I help you with?"
</identity>

<core_rules>
These rules are absolute. They override everything else.

1. FACTS COME ONLY FROM THE KNOWLEDGE BASE CONTEXT BELOW. If a price, package, policy, promotion, hour, or detail is not written in the context, you do not know it. Do not guess, estimate, approximate, or fill in from memory. When you don't have something, say: "Hmm, I'm not sure on that one — best thing is to call us at two eight nine, four five four, five five five five and ask for a supervisor."

2. YOU CANNOT LOOK ANYTHING UP. You have no system, no database, no booking records. Never say "let me check" or "let me pull that up" or "I see your booking." If a caller asks about an existing booking, just acknowledge briefly ("Oh okay, sure" or "Got it") and wait — the team will take it from there.

3. ONE FACT AT A TIME. Answer the specific question asked. Don't combine entries, don't dump multiple packages, don't volunteer information they didn't ask for.

4. UNKNOWN TERMS ARE UNKNOWN. If a caller uses a product name, card name, or term that doesn't appear verbatim in the context ("blue card," "gold pass," etc.), say you're not sure what that is. Never map it to something that sounds similar.
</core_rules>

<voice_style>
Every word you write will be spoken aloud by a TTS engine. Write for the ear.

- No markdown, no bullets, no asterisks, no headers, no brackets, no lists.
- Short sentences. Use commas and periods for natural pauses.
- Spell out addresses, emails, and phone numbers: "aerosportsparks dot c a", "events dot scb at aerosportsparks dot c a", "two eight nine, four five four, five five five five."
- Prices: say "nineteen ninety plus tax," not "nineteen dollars and ninety cents." Always add "plus tax" after a price.
</voice_style>

<tone>
Talk like a busy front desk staff member, not a corporate assistant. Warm but efficient.

Use contractions and natural fillers: "yeah," "okay so," "for sure," "no worries," "gotcha," "perfect," "sounds good," "let me see."

Keep replies to one to three sentences unless the caller explicitly asks for a full breakdown.

Never say: "Great question," "I'd be happy to help," "Thank you for your inquiry," "Is there anything else I can assist you with," or any other call-center phrasing. Never open with "How may I assist you today" — just "How can I help you?"

Acknowledge personal details briefly and move on. If someone mentions a birthday: "Oh nice, happy birthday to them!" then answer.
</tone>

<handling_specific_situations>
Existing bookings — when a caller mentions a booking, party, or reservation they already have (wants to change, cancel, reschedule, or ask about it):

Do NOT try to help with the booking itself. Do NOT ask for booking details, dates, package types, or confirmation numbers. Do NOT quote rescheduling or cancellation policies.

Instead, collect two things and end the call:

1. First, acknowledge warmly: "Oh okay, no problem — I can have someone from our team call you back to sort that out. Can I grab your name?"

2. After they give their name, ask briefly: "And just so I can let them know — what are you looking to change?" Keep it to one short question.
3. Then confirm and wrap up: "Perfect, thanks [name]. Someone will give you a call back shortly to get that sorted. Have a good one!"

Do not ask for their phone number — we already have it. Do not ask follow-up questions about the booking. Do not offer to look anything up. Three turns max, then the call ends.

New birthday party bookings: ask "Do you already know which package you'd like?" If not, explain the packages from the context. If yes, say "Perfect, let me connect you with our team to get that booked."

General pricing questions ("how much does it cost"): ask one short clarifying question — "Which activity are you asking about?" — before answering.

Height or age requirements: frame casually as safety. "Yeah, it's just a safety thing — they need to be at least fifty four inches for the main track."

Frustrated callers: listen, validate ("Yeah no, I totally get that"), then offer what you can from the context. If you can't resolve it: "Honestly, best thing is to email events dot scb at aerosportsparks dot c a or call back and ask for a supervisor — they'll sort it out." Never promise a fix you can't deliver.
</handling_specific_situations>

<location_and_hours>
We're on Birchmount Road in Scarborough. Park hours: Monday to Thursday ten to eight, Friday and Saturday ten to ten, Sunday ten to nine. Only mention hours if the caller asks.
</location_and_hours>

CURRENT TIME: Saturday, April 25, 2026 at 01:27 PM (Eastern Time)

KNOWLEDGE BASE CONTEXT:

[1] (source: chatbot_quick_replies.md)
## Directions

**Sample question:** Where are you located?

**Response:** We are at 1120 Birchmount Road in Scarborough, ON M1K 5G4. You can find us on Google Maps by searching AeroSports Scarborough. Our phone number is 289-454-5555.



[2] (source: faqs.md)
Contact us to arrange a visit.

**Q: Can I split the party cost?**

A: Yes, payments can be split. Let us know in advance.

**Q: Do you help with setup and cleanup?**

A: Yes, staff assists with setup and handles cleanup.

**Q: Are there options for non-jumpers?**

A: Non-jumpers can enjoy the party room and food but not attractions. Don't count toward minimum.

**Q: Can I book for twins or multiple children?**

A: Yes! 

[3] (source: voice_call_scripts.md)
Aero Socks are required and cost $3.99 but they are reusable so you can bring them back next time.

*Note: Give a brief summary, offer to go deeper*

## Birthday Overview

> We have three birthday party packages. The Premium Party starts at $39.90 per jumper with 75 minutes of jump time and 45 minutes in a private party room. The VIP Party is $44.90 per jumper with 90 minutes of jump time and 60 minutes of room time. And the Ultimate Party is $59.90 per jumper with 120 minutes of jump time, 60 minutes of room time, plus go karting for every jumper. All packages include pizza and drinks. Minimum 10 jumpers. Would you like more details on any package?

*Note: Pause between packages for clarity*

## Gokart Overview

> We have go karting on two tracks. The main track is for riders 54 inches or taller and costs $19.90 for a standalone race or $9.90 as an add-on if you already have a jump pass. The mini track is for riders 36 inches or taller and costs $9.90 standalone or $4.90 as an add-on. Each race is up to 10 laps. Just remember you need closed-toed shoes for go karting.

*Note: Mention height requirements clearly*

## Booking Redirect

> You can book online at our website aerosportsparks.ca or I can help you with that right now. Would you like to proceed?

*Note: Guide toward booking*

## Waiver Info

> Everyone who enters the park needs a signed waiver, including non-jumpers. You can fill it out online ahead of time at our website to save time at check-in. For anyone under 18, a parent or legal guardian must sign the waiver.

*Note: Emphasize online waiver to reduce wait times*

## Group Booking

> For groups of 15 or more, we offer 25% off with the code GROUPBOOKING25. That brings the price down to about $25.47 per person for 120 minutes including socks. Would you like to book a group visit?

*Note: Emphasize the savings*

## Promo March Bday

> Right now we have a April Birthday Promotion with up to $150 off birthday parties. Use code APRILBDAY50 for $50 off a Premium party, APRILBDAY100 for $100 off a VIP party, or APRILBDAY150 for $150 off an Ultimate party. You need to book by April 31st and host by September 30th.

*Note: Only share if promo status is Active*

## Camp Overview

> We offer AeroCamp for kids ages 4 to 12. Full day camp runs from 8:30 AM to 4:30 PM and costs $69.90 per day or $299.90 for a full week. We also have half-day options for $39.90. Activities include trampolines, games, challenges, crafts, and group activities. Early drop-off from 7:30 AM and late pick-up past 6 PM are available for $10 each.

*Note: Mention current camp availability if applicable*

## Cannot Answer

> That is a great question. I do not have that specific information right now, but I can have someone from our team get back to you. Can I get your name and phone number?

*Note: Collect callback info when unsure*


[4] (source: faqs.md)
Contact us to discuss options.

**Q: What if my party runs late?**

A: Parties must follow scheduled time. Overages may result in additional fees.

**Q: Is the birthday child included in the jumper count?**

A: Yes, the birthday child counts toward the minimum.

**Q: Are party invitations provided?**

A: Digital invitations included in every package. Physical invitations: $0.75 each.

**Q: Can I bring themed props or costumes?**

A: Yes, as long as they are safe and suitable for jumping.

**Q: What if my child gets injured?**

A: Trained staff respond on-site. Parents notified immediately. Emergency protocols for serious injuries.

**Q: Can I tour the facility before booking?**

A: Yes! 

[5] (source: chatbot_quick_replies.md)
## Safety

**Sample question:** Is it safe for my kids?

**Response:** Safety is our top priority. We have trained staff, park rules posted throughout, and a 300 pound weight limit on trampolines. All jumpers need a signed waiver. Kids under 10 must have an adult present. Spectators are always free and we have comfy seating and free Wi-Fi for parents.


[6] (source: faqs.md)
**

A: Yes, late arrivals welcome if space available.

## Jump Prices

**Q: If my child is 3 years old, can they use the Premium pass, and how long does it last?**

A: Yes they can. Premium passes last for 1 hour 30  minutes.

**Q: What if I want to maximize jumping time for my kids—should I opt for the VIP pass or multiple Premium passes?**

A: You can get an ALL day pass that provides you 5 hours of jump time.


[7] (source: voice_call_scripts.md)
# Voice Call Scripts

## Greeting

> Thank you for calling AeroSports Scarborough! How can I help you today?

*Note: Use warm, upbeat tone*

## Hold

> One moment while I look that up for you.

*Note: Use when retrieving info*

## Transfer To Human

> Let me connect you with one of our team members who can help you with that. One moment please.

*Note: Use when the question is beyond what the AI can handle*

## Closing

> Thanks for calling AeroSports Scarborough! We look forward to seeing you. 


--- msg[1]  role=user ---
Hi there. I just want to inquire about the part.

--- msg[2]  role=assistant ---
You're looking into our party packages?

--- msg[3]  role=user ---
And do we need a reservation beforehand, or can we walk in to the park?

--- msg[4]  role=user ---
Hello?

--- msg[5]  role=user ---
We're assistant from.

--- msg[6]  role=user ---
How may I help you,

--- msg[7]  role=user ---
Hello?

--- msg[8]  role=user ---
But I have, like, Hello?

--- msg[9]  role=user ---
You there?

--- msg[10]  role=user ---
Hello, boy? Boy, boy. Hello? He's coming up.

--- msg[11]  role=user ---
Connect.
────────────────────────────────────────────

[2026-04-25 13:27:58.113] [INCOMING_TRANSCRIPT] [Turn #11]
────────────────────────────────────────────
No. That's the cover I just
────────────────────────────────────────────

[2026-04-25 13:27:58.464] [REFINED_QUERY] [Turn #11]
────────────────────────────────────────────
Original : No. That's the cover I just
Refined  : What is the name of the song that was playing during the cover performance?
────────────────────────────────────────────

[2026-04-25 13:27:58.629] [RAG_RESULTS] [Turn #11]
────────────────────────────────────────────
Retrieved 7 document(s):

[1]  score=0.3315738044293184  source=voice_call_scripts.md
# Voice Call Scripts

## Greeting

> Thank you for calling AeroSports Scarborough! How can I help you today?

*Note: Use warm, upbeat tone*

## Hold

> One moment while I look that up for you.

*Note: Use when retrieving info*

## Transfer To Human

> Let me connect you with one of our team members who can help you with that. One moment please.

*Note: Use when the question is beyond what the AI can handle*

## Closing

> Thanks for calling AeroSports Scarborough! We look forward to seeing you.

[2]  score=0.3023210140157664  source=faqs.md
Contact us to arrange a visit.

**Q: Can I split the party cost?**

A: Yes, payments can be split. Let us know in advance.

**Q: Do you help with setup and cleanup?**

A: Yes, staff assists with setup and handles cleanup.

**Q: Are there options for non-jumpers?**

A: Non-jumpers can enjoy the party room and food but not attractions. Don't count toward minimum.

**Q: Can I book for twins or multiple children?**

A: Yes!

[3]  score=0.2985570430755615  source=chatbot_quick_replies.md
## Directions

**Sample question:** Where are you located?

**Response:** We are at 1120 Birchmount Road in Scarborough, ON M1K 5G4. You can find us on Google Maps by searching AeroSports Scarborough. Our phone number is 289-454-5555.

[4]  score=0.29746861152257376  source=chatbot_quick_replies.md
## Safety

**Sample question:** Is it safe for my kids?

**Response:** Safety is our top priority. We have trained staff, park rules posted throughout, and a 300 pound weight limit on trampolines. All jumpers need a signed waiver. Kids under 10 must have an adult present. Spectators are always free and we have comfy seating and free Wi-Fi for parents.

[5]  score=0.29717729704515405  source=birthday_parties.md
Cancellation within 14 days receives no refund. Package changes must be made 14+ days in advance, subject to availability. Waivers are required for all jumpers (under 18 must be signed by parent/guardian, valid 1 year). Room supplies (plates, cups, tablecloths) are included. The jumping area is shared with other patrons but the party room is private. Prohibited items: no piñatas, confetti, or silly string ($40 cleaning charge if used). Advise of food allergies/sensitivities in advance. All guest…

[6]  score=0.29372541867050095  source=faqs.md
Contact us to discuss options.

**Q: What if my party runs late?**

A: Parties must follow scheduled time. Overages may result in additional fees.

**Q: Is the birthday child included in the jumper count?**

A: Yes, the birthday child counts toward the minimum.

**Q: Are party invitations provided?**

A: Digital invitations included in every package. Physical invitations: $0.75 each.

**Q: Can I bring themed props or costumes?**

A: Yes, as long as they are safe and suitable for jumping.

**Q: W…

[7]  score=0.29226788374568624  source=promotions.md
# Promotions

## April Birthday Promotion!

Up to $150 OFF on birthday parties

- **Status:** Active
- **Terms:** Book by April 31st.
────────────────────────────────────────────

[2026-04-25 13:27:58.629] [LLM_CONTEXT] [Turn #11]
────────────────────────────────────────────
13 message(s):

--- msg[0]  role=system ---
<identity>
You are maya, a front desk staff member at AeroSports Scarborough trampoline park, answering inbound phone calls. You are a person, not an AI. If confused, respond like maya would: "Sorry, I didn't quite catch that — what can I help you with?"
</identity>

<core_rules>
These rules are absolute. They override everything else.

1. FACTS COME ONLY FROM THE KNOWLEDGE BASE CONTEXT BELOW. If a price, package, policy, promotion, hour, or detail is not written in the context, you do not know it. Do not guess, estimate, approximate, or fill in from memory. When you don't have something, say: "Hmm, I'm not sure on that one — best thing is to call us at two eight nine, four five four, five five five five and ask for a supervisor."

2. YOU CANNOT LOOK ANYTHING UP. You have no system, no database, no booking records. Never say "let me check" or "let me pull that up" or "I see your booking." If a caller asks about an existing booking, just acknowledge briefly ("Oh okay, sure" or "Got it") and wait — the team will take it from there.

3. ONE FACT AT A TIME. Answer the specific question asked. Don't combine entries, don't dump multiple packages, don't volunteer information they didn't ask for.

4. UNKNOWN TERMS ARE UNKNOWN. If a caller uses a product name, card name, or term that doesn't appear verbatim in the context ("blue card," "gold pass," etc.), say you're not sure what that is. Never map it to something that sounds similar.
</core_rules>

<voice_style>
Every word you write will be spoken aloud by a TTS engine. Write for the ear.

- No markdown, no bullets, no asterisks, no headers, no brackets, no lists.
- Short sentences. Use commas and periods for natural pauses.
- Spell out addresses, emails, and phone numbers: "aerosportsparks dot c a", "events dot scb at aerosportsparks dot c a", "two eight nine, four five four, five five five five."
- Prices: say "nineteen ninety plus tax," not "nineteen dollars and ninety cents." Always add "plus tax" after a price.
</voice_style>

<tone>
Talk like a busy front desk staff member, not a corporate assistant. Warm but efficient.

Use contractions and natural fillers: "yeah," "okay so," "for sure," "no worries," "gotcha," "perfect," "sounds good," "let me see."

Keep replies to one to three sentences unless the caller explicitly asks for a full breakdown.

Never say: "Great question," "I'd be happy to help," "Thank you for your inquiry," "Is there anything else I can assist you with," or any other call-center phrasing. Never open with "How may I assist you today" — just "How can I help you?"

Acknowledge personal details briefly and move on. If someone mentions a birthday: "Oh nice, happy birthday to them!" then answer.
</tone>

<handling_specific_situations>
Existing bookings — when a caller mentions a booking, party, or reservation they already have (wants to change, cancel, reschedule, or ask about it):

Do NOT try to help with the booking itself. Do NOT ask for booking details, dates, package types, or confirmation numbers. Do NOT quote rescheduling or cancellation policies.

Instead, collect two things and end the call:

1. First, acknowledge warmly: "Oh okay, no problem — I can have someone from our team call you back to sort that out. Can I grab your name?"

2. After they give their name, ask briefly: "And just so I can let them know — what are you looking to change?" Keep it to one short question.
3. Then confirm and wrap up: "Perfect, thanks [name]. Someone will give you a call back shortly to get that sorted. Have a good one!"

Do not ask for their phone number — we already have it. Do not ask follow-up questions about the booking. Do not offer to look anything up. Three turns max, then the call ends.

New birthday party bookings: ask "Do you already know which package you'd like?" If not, explain the packages from the context. If yes, say "Perfect, let me connect you with our team to get that booked."

General pricing questions ("how much does it cost"): ask one short clarifying question — "Which activity are you asking about?" — before answering.

Height or age requirements: frame casually as safety. "Yeah, it's just a safety thing — they need to be at least fifty four inches for the main track."

Frustrated callers: listen, validate ("Yeah no, I totally get that"), then offer what you can from the context. If you can't resolve it: "Honestly, best thing is to email events dot scb at aerosportsparks dot c a or call back and ask for a supervisor — they'll sort it out." Never promise a fix you can't deliver.
</handling_specific_situations>

<location_and_hours>
We're on Birchmount Road in Scarborough. Park hours: Monday to Thursday ten to eight, Friday and Saturday ten to ten, Sunday ten to nine. Only mention hours if the caller asks.
</location_and_hours>

CURRENT TIME: Saturday, April 25, 2026 at 01:27 PM (Eastern Time)

KNOWLEDGE BASE CONTEXT:

[1] (source: voice_call_scripts.md)
# Voice Call Scripts

## Greeting

> Thank you for calling AeroSports Scarborough! How can I help you today?

*Note: Use warm, upbeat tone*

## Hold

> One moment while I look that up for you.

*Note: Use when retrieving info*

## Transfer To Human

> Let me connect you with one of our team members who can help you with that. One moment please.

*Note: Use when the question is beyond what the AI can handle*

## Closing

> Thanks for calling AeroSports Scarborough! We look forward to seeing you. 

[2] (source: faqs.md)
Contact us to arrange a visit.

**Q: Can I split the party cost?**

A: Yes, payments can be split. Let us know in advance.

**Q: Do you help with setup and cleanup?**

A: Yes, staff assists with setup and handles cleanup.

**Q: Are there options for non-jumpers?**

A: Non-jumpers can enjoy the party room and food but not attractions. Don't count toward minimum.

**Q: Can I book for twins or multiple children?**

A: Yes! 

[3] (source: chatbot_quick_replies.md)
## Directions

**Sample question:** Where are you located?

**Response:** We are at 1120 Birchmount Road in Scarborough, ON M1K 5G4. You can find us on Google Maps by searching AeroSports Scarborough. Our phone number is 289-454-5555.



[4] (source: chatbot_quick_replies.md)
## Safety

**Sample question:** Is it safe for my kids?

**Response:** Safety is our top priority. We have trained staff, park rules posted throughout, and a 300 pound weight limit on trampolines. All jumpers need a signed waiver. Kids under 10 must have an adult present. Spectators are always free and we have comfy seating and free Wi-Fi for parents.


[5] (source: birthday_parties.md)
Cancellation within 14 days receives no refund. Package changes must be made 14+ days in advance, subject to availability. Waivers are required for all jumpers (under 18 must be signed by parent/guardian, valid 1 year). Room supplies (plates, cups, tablecloths) are included. The jumping area is shared with other patrons but the party room is private. Prohibited items: no piñatas, confetti, or silly string ($40 cleaning charge if used). Advise of food allergies/sensitivities in advance. All guests should arrive 20 minutes early for check-in. AeroSports is not responsible for lost or stolen items.


[6] (source: faqs.md)
Contact us to discuss options.

**Q: What if my party runs late?**

A: Parties must follow scheduled time. Overages may result in additional fees.

**Q: Is the birthday child included in the jumper count?**

A: Yes, the birthday child counts toward the minimum.

**Q: Are party invitations provided?**

A: Digital invitations included in every package. Physical invitations: $0.75 each.

**Q: Can I bring themed props or costumes?**

A: Yes, as long as they are safe and suitable for jumping.

**Q: What if my child gets injured?**

A: Trained staff respond on-site. Parents notified immediately. Emergency protocols for serious injuries.

**Q: Can I tour the facility before booking?**

A: Yes! 

[7] (source: promotions.md)
# Promotions

## April Birthday Promotion!

Up to $150 OFF on birthday parties

- **Status:** Active
- **Terms:** Book by April 31st. 


--- msg[1]  role=user ---
Hi there. I just want to inquire about the part.

--- msg[2]  role=assistant ---
You're looking into our party packages?

--- msg[3]  role=user ---
And do we need a reservation beforehand, or can we walk in to the park?

--- msg[4]  role=user ---
Hello?

--- msg[5]  role=user ---
We're assistant from.

--- msg[6]  role=user ---
How may I help you,

--- msg[7]  role=user ---
Hello?

--- msg[8]  role=user ---
But I have, like, Hello?

--- msg[9]  role=user ---
You there?

--- msg[10]  role=user ---
Hello, boy? Boy, boy. Hello? He's coming up.

--- msg[11]  role=user ---
Connect.

--- msg[12]  role=user ---
No. That's the cover I just
────────────────────────────────────────────

[2026-04-25 13:27:58.631] [INCOMING_TRANSCRIPT] [Turn #12]
────────────────────────────────────────────
Okay.
────────────────────────────────────────────

[2026-04-25 13:27:58.631] [REFINED_QUERY] [Turn #12]
────────────────────────────────────────────
Original : Okay.
Refined  : (not run — conversational message) (RAG skipped)
────────────────────────────────────────────

[2026-04-25 13:27:58.631] [RAG_RESULTS] [Turn #12]
────────────────────────────────────────────
(no documents retrieved)
────────────────────────────────────────────

[2026-04-25 13:27:58.631] [LLM_CONTEXT] [Turn #12]
────────────────────────────────────────────
14 message(s):

--- msg[0]  role=system ---
<identity>
You are maya, a front desk staff member at AeroSports Scarborough trampoline park, answering inbound phone calls. You are a person, not an AI. If confused, respond like maya would: "Sorry, I didn't quite catch that — what can I help you with?"
</identity>

<core_rules>
These rules are absolute. They override everything else.

1. FACTS COME ONLY FROM THE KNOWLEDGE BASE CONTEXT BELOW. If a price, package, policy, promotion, hour, or detail is not written in the context, you do not know it. Do not guess, estimate, approximate, or fill in from memory. When you don't have something, say: "Hmm, I'm not sure on that one — best thing is to call us at two eight nine, four five four, five five five five and ask for a supervisor."

2. YOU CANNOT LOOK ANYTHING UP. You have no system, no database, no booking records. Never say "let me check" or "let me pull that up" or "I see your booking." If a caller asks about an existing booking, just acknowledge briefly ("Oh okay, sure" or "Got it") and wait — the team will take it from there.

3. ONE FACT AT A TIME. Answer the specific question asked. Don't combine entries, don't dump multiple packages, don't volunteer information they didn't ask for.

4. UNKNOWN TERMS ARE UNKNOWN. If a caller uses a product name, card name, or term that doesn't appear verbatim in the context ("blue card," "gold pass," etc.), say you're not sure what that is. Never map it to something that sounds similar.
</core_rules>

<voice_style>
Every word you write will be spoken aloud by a TTS engine. Write for the ear.

- No markdown, no bullets, no asterisks, no headers, no brackets, no lists.
- Short sentences. Use commas and periods for natural pauses.
- Spell out addresses, emails, and phone numbers: "aerosportsparks dot c a", "events dot scb at aerosportsparks dot c a", "two eight nine, four five four, five five five five."
- Prices: say "nineteen ninety plus tax," not "nineteen dollars and ninety cents." Always add "plus tax" after a price.
</voice_style>

<tone>
Talk like a busy front desk staff member, not a corporate assistant. Warm but efficient.

Use contractions and natural fillers: "yeah," "okay so," "for sure," "no worries," "gotcha," "perfect," "sounds good," "let me see."

Keep replies to one to three sentences unless the caller explicitly asks for a full breakdown.

Never say: "Great question," "I'd be happy to help," "Thank you for your inquiry," "Is there anything else I can assist you with," or any other call-center phrasing. Never open with "How may I assist you today" — just "How can I help you?"

Acknowledge personal details briefly and move on. If someone mentions a birthday: "Oh nice, happy birthday to them!" then answer.
</tone>

<handling_specific_situations>
Existing bookings — when a caller mentions a booking, party, or reservation they already have (wants to change, cancel, reschedule, or ask about it):

Do NOT try to help with the booking itself. Do NOT ask for booking details, dates, package types, or confirmation numbers. Do NOT quote rescheduling or cancellation policies.

Instead, collect two things and end the call:

1. First, acknowledge warmly: "Oh okay, no problem — I can have someone from our team call you back to sort that out. Can I grab your name?"

2. After they give their name, ask briefly: "And just so I can let them know — what are you looking to change?" Keep it to one short question.
3. Then confirm and wrap up: "Perfect, thanks [name]. Someone will give you a call back shortly to get that sorted. Have a good one!"

Do not ask for their phone number — we already have it. Do not ask follow-up questions about the booking. Do not offer to look anything up. Three turns max, then the call ends.

New birthday party bookings: ask "Do you already know which package you'd like?" If not, explain the packages from the context. If yes, say "Perfect, let me connect you with our team to get that booked."

General pricing questions ("how much does it cost"): ask one short clarifying question — "Which activity are you asking about?" — before answering.

Height or age requirements: frame casually as safety. "Yeah, it's just a safety thing — they need to be at least fifty four inches for the main track."

Frustrated callers: listen, validate ("Yeah no, I totally get that"), then offer what you can from the context. If you can't resolve it: "Honestly, best thing is to email events dot scb at aerosportsparks dot c a or call back and ask for a supervisor — they'll sort it out." Never promise a fix you can't deliver.
</handling_specific_situations>

<location_and_hours>
We're on Birchmount Road in Scarborough. Park hours: Monday to Thursday ten to eight, Friday and Saturday ten to ten, Sunday ten to nine. Only mention hours if the caller asks.
</location_and_hours>

CURRENT TIME: Saturday, April 25, 2026 at 01:27 PM (Eastern Time)

KNOWLEDGE BASE CONTEXT:

No matching context was found for this query. Direct the caller to phone 289-454-5555 or email events.scb@aerosportsparks.ca.

--- msg[1]  role=user ---
Hi there. I just want to inquire about the part.

--- msg[2]  role=assistant ---
You're looking into our party packages?

--- msg[3]  role=user ---
And do we need a reservation beforehand, or can we walk in to the park?

--- msg[4]  role=user ---
Hello?

--- msg[5]  role=user ---
We're assistant from.

--- msg[6]  role=user ---
How may I help you,

--- msg[7]  role=user ---
Hello?

--- msg[8]  role=user ---
But I have, like, Hello?

--- msg[9]  role=user ---
You there?

--- msg[10]  role=user ---
Hello, boy? Boy, boy. Hello? He's coming up.

--- msg[11]  role=user ---
Connect.

--- msg[12]  role=user ---
No. That's the cover I just

--- msg[13]  role=user ---
Okay.
────────────────────────────────────────────

# session ended: 2026-04-25T13:27:58.637
