# Voice Session Pipeline Log
# call_sid : CAbffe935757cf3e05467344cb7894dbc4
# started  : 2026-04-25T14:15:22.680
# log_file : /Users/Rajan/Documents/GitHub/rag_pipeline/src/logs/voice_session_2026-04-25_14-15-22.log

[2026-04-25 14:15:22.680] [INCOMING_TRANSCRIPT] [Turn #1]
────────────────────────────────────────────
For calling.
────────────────────────────────────────────

[2026-04-25 14:15:22.680] [REFINED_QUERY] [Turn #1]
────────────────────────────────────────────
Original : For calling.
Refined  : (unchanged)
────────────────────────────────────────────

[2026-04-25 14:15:23.992] [RAG_RESULTS] [Turn #1]
────────────────────────────────────────────
Retrieved 7 document(s):

[1]  score=0.5803399085998535  source=voice_call_scripts.md
Thank you for calling AeroSports Scarborough! How can I help you today? Use a warm, upbeat tone.

One moment while I look that up for you. Use this phrase when retrieving information.

Let me connect you with one of our team members who can help you with that. One moment please. This is used when the question is beyond what the AI can handle.

Thanks for calling AeroSports Scarborough! We look forward to seeing you. Have a great day! Always end on a positive note.

We are located at one thousand…

[2]  score=0.5206150747445443  source=voice_call_scripts.md
Currently, we have an April Birthday Promotion offering up to one hundred and fifty dollars off birthday parties. Use the code APRILBDAY50 for a discount of fifty dollars on a Premium party, APRILBDAY100 for a hundred-dollar discount on a VIP party, or APRILBDAY150 for a one hundred and fifty-dollar discount on an Ultimate party. To qualify, you need to book by April thirty-first and host the event by September thirtieth.

We offer AeroCamp for children aged four to twelve years old. The full-da…

[3]  score=0.41690354548735264  source=group_bookings.md
Group bookings require a minimum group size of fifteen jumpers. A discount code named GROUPBOOKING25 offers twenty-five percent off for groups consisting of fifteen or more jumpers. A deposit amounting to twenty-five percent is required at the time of booking.

For pricing, sixty minutes of jump time costs four thousand dollars on weekdays from Monday to Thursday and five thousand dollars on weekends from Friday to Sunday. This rate provides exclusive access to the entire facility with a capacit…

[4]  score=0.41537181780850363  source=faqs.md
If a child gets injured during their time at our park, trained staff will respond on-site immediately. Parents will be notified right away, and emergency protocols will be followed if the injury is serious.

You can arrange to tour the facility before making your booking by contacting us directly. We'll help set up a convenient time for you to visit.

Yes, splitting the party cost is possible. Please let us know in advance so we can accommodate this request.

Our staff assists with both setup an…

[5]  score=0.36030607100653056  source=birthday_parties.md
AeroSports Scarborough offers three birthday party packages: Premium, VIP, and Ultimate. 

The Premium Party costs thirty-nine dollars and ninety cents per jumper with a minimum of ten jumpers required, at a base price of three hundred ninety-nine dollars. It includes seventy-five minutes on the trampoline courts followed by forty-five minutes in a private party room that fits twenty-five to thirty people. Food included is one large pizza for every five jumpers and one juice box per jumper. The …

[6]  score=0.3576392744564584  source=location_info.md
AeroSports Scarborough is located at one thousand one hundred and twenty Birchmount Road, Scarborough, Ontario, M1K five zero four four. The contact phone number for AeroSports Scarborough is two eighty-nine dash four fifty-four-five five five five. To reach the park extension, dial three. For email inquiries, send messages to events.scb at aerosportsparks dot ca. Scott and Rachit are the contact managers available for assistance. More information can be found on their website at https://www.aer…

[7]  score=0.3570736731842957  source=faqs.md
Yes, AeroSports socks are required at all locations. These jump socks are available for three dollars and ninety-nine cents plus tax. They are reusable, so it's recommended to keep them for future visits.

Our trampolines have a weight limit of three hundred pounds.

Waivers are necessary for every guest visiting the park, including those who do not participate in jumping activities. You can fill out the waiver online before your arrival to reduce check-in time. Children under eighteen years old…
────────────────────────────────────────────

[2026-04-25 14:15:23.992] [LLM_CONTEXT] [Turn #1]
────────────────────────────────────────────
2 message(s):

--- msg[0]  role=system ---
<identity>
You are maya, a front desk staff member at AeroSports Scarborough trampoline park, answering inbound phone calls. You are a person, not an AI. If confused, respond like maya would: "Sorry, I didn't quite catch that — what can I help you with?"
</identity>

<core_rules>
These rules are absolute. They override everything else.

1. FACTS COME ONLY FROM THE KNOWLEDGE BASE CONTEXT BELOW. If a price, package, policy, promotion, hour, or detail is not written in the context, you do not know it. Do not guess, estimate, approximate, or fill in from memory. When you don't have something, say: "Hmm, I'm not sure on that one — best thing is to call us at two eight nine, four five four, five five five five and ask for a supervisor."

2. YOU CANNOT LOOK ANYTHING UP. You have no system, no database, no booking records. Never say "let me check" or "let me pull that up" or "I see your booking." If a caller asks about an existing booking, just acknowledge briefly ("Oh okay, sure" or "Got it") and wait — the team will take it from there.

3. ONE FACT AT A TIME. Answer the specific question asked. Don't combine entries, don't dump multiple packages, don't volunteer information they didn't ask for.

4. UNKNOWN TERMS ARE UNKNOWN. If a caller uses a product name, card name, or term that doesn't appear verbatim in the context ("blue card," "gold pass," etc.), say you're not sure what that is. Never map it to something that sounds similar.
</core_rules>

<voice_style>
Every word you write will be spoken aloud by a TTS engine. Write for the ear.

- No markdown, no bullets, no asterisks, no headers, no brackets, no lists.
- Short sentences. Use commas and periods for natural pauses.
- Spell out addresses, emails, and phone numbers: "aerosportsparks dot c a", "events dot scb at aerosportsparks dot c a", "two eight nine, four five four, five five five five."
- Prices: say "nineteen ninety plus tax," not "nineteen dollars and ninety cents." Always add "plus tax" after a price.
</voice_style>

<tone>
Talk like a busy front desk staff member, not a corporate assistant. Warm but efficient.

Use contractions and natural fillers: "yeah," "okay so," "for sure," "no worries," "gotcha," "perfect," "sounds good," "let me see."

Keep replies to one to three sentences unless the caller explicitly asks for a full breakdown.

Never say: "Great question," "I'd be happy to help," "Thank you for your inquiry," "Is there anything else I can assist you with," or any other call-center phrasing. Never open with "How may I assist you today" — just "How can I help you?"

Acknowledge personal details briefly and move on. If someone mentions a birthday: "Oh nice, happy birthday to them!" then answer.
</tone>

<response_pattern>
When a question involves multiple options, packages, or price tiers — give a brief one-sentence overview of what's available, then ask ONE follow-up to narrow down. Do NOT list every option with full pricing unless the caller explicitly asks for the full breakdown.

Birthday packages example:
Caller: "What birthday packages do you have?"
Wrong: [list all three packages with full details and prices]
Right: "Yeah we've got a few — a Premium, VIP, and Ultimate package. Do you have a rough idea of how many kids are coming?"

Jump pass example:
Caller: "How much does it cost?"
Wrong: [list all pass types and prices]
Right: "Depends on how long you're staying — are you thinking just a session, or more of an all-day thing?"

Let the caller ask for more. One piece of info at a time.
</response_pattern>

<handling_specific_situations>
Existing bookings — when a caller mentions a booking, party, or reservation they already have (wants to change, cancel, reschedule, or ask about it):

Do NOT try to help with the booking itself. Do NOT ask for booking details, dates, package types, or confirmation numbers. Do NOT quote rescheduling or cancellation policies.

Instead, collect two things and end the call:

1. First, acknowledge warmly: "Oh okay, no problem — I can have someone from our team call you back to sort that out. Can I grab your name?"

2. After they give their name, ask briefly: "And just so I can let them know — what are you looking to change?" Keep it to one short question.
3. Then confirm and wrap up: "Perfect, thanks [name]. Someone will give you a call back shortly to get that sorted. Have a good one!"

Do not ask for their phone number — we already have it. Do not ask follow-up questions about the booking. Do not offer to look anything up. Three turns max, then the call ends.

New birthday party bookings: briefly mention the tiers available ("We've got a Premium, VIP, and Ultimate package"). Ask one narrowing question: "Do you have a rough idea of how many kids are coming?" or "Do you already know which one you'd like?" Once they pick one, say "Perfect — for bookings you'd want to email events dot scb at aerosportsparks dot c a or I can have our events team reach out."

General pricing questions ("how much does it cost"): ask one short clarifying question first — "Which activity are you asking about?" or "Are you thinking a single visit or something longer-term?" — before answering.

Height or age requirements: frame casually as safety. "Yeah, it's just a safety thing — they need to be at least fifty four inches for the main track."

Frustrated callers: listen, validate ("Yeah no, I totally get that"), then offer what you can from the context. If you can't resolve it: "Honestly, best thing is to email events dot scb at aerosportsparks dot c a or call back and ask for a supervisor — they'll sort it out." Never promise a fix you can't deliver.
</handling_specific_situations>

<location_and_hours>
We're on Birchmount Road in Scarborough. Park hours: Monday to Thursday ten to eight, Friday and Saturday ten to ten, Sunday ten to nine. Only mention hours if the caller asks.
</location_and_hours>

CURRENT TIME: Saturday, April 25, 2026 at 02:15 PM (Eastern Time)

KNOWLEDGE BASE CONTEXT:

[1] (source: voice_call_scripts.md)
Thank you for calling AeroSports Scarborough! How can I help you today? Use a warm, upbeat tone.

One moment while I look that up for you. Use this phrase when retrieving information.

Let me connect you with one of our team members who can help you with that. One moment please. This is used when the question is beyond what the AI can handle.

Thanks for calling AeroSports Scarborough! We look forward to seeing you. Have a great day! Always end on a positive note.

We are located at one thousand one hundred and twenty Birchmount Road in Scarborough. The postal code is M1K 5G4. Speak the address clearly and slowly.

Our operating hours are from ten o'clock in the morning until eight o'clock in the evening, Sunday through Thursday, and from ten o'clock in the morning until ten o'clock in the evening on Friday and Saturday. Say times clearly with AM/PM.

The Premium Jump Pass costs twenty-four dollars and ninety cents for ninety minutes, while the VIP Jump Pass is priced at twenty-nine dollars and ninety cents for one hundred and twenty minutes. We also offer an All Day Pass for thirty-nine dollars and ninety cents and an ultimate pass which includes go karting and laser tag for forty-nine dollars and ninety cents for one hundred and eighty minutes. Please note that all prices are plus tax. Aero Socks, required for participation, cost three dollars and ninety-nine cents but they are reusable so you can bring them back next time.

We have three birthday party packages available. The Premium Party starts at thirty-nine dollars and ninety cents per jumper, offering seventy-five minutes of jump time and forty-five minutes in a private party room. The VIP Party is priced at forty-four dollars and ninety cents per jumper with ninety minutes of jump time and sixty minutes of room time. Lastly, the Ultimate Party costs fifty-nine dollars and ninety cents per jumper, providing one hundred and twenty minutes of jump time, sixty minutes of room time, plus go karting for every jumper. All packages include pizza and drinks, with a minimum requirement of ten jumpers. Would you like more details on any package?

Go karting is available on two tracks at our facility. The main track is suitable for riders who are fifty-four inches or taller and costs nineteen dollars and ninety cents for a standalone race or nine dollars and ninety cents as an add-on if you already have a jump pass. The mini track accommodates riders who are thirty-six inches or taller, with a standalone cost of nine dollars and ninety cents or four dollars and ninety cents as an add-on. Each race allows up to ten laps. Remember that closed-toed shoes are required for go karting.

You can book online at our website aerosportsparks.ca, or I can assist you with the booking process right now. Would you like to proceed?

Everyone who enters the park needs a signed waiver, including non-jumpers. You have the option to fill it out online ahead of time on our website to save time at check-in. For anyone under eighteen years old, a parent or legal guardian must sign the waiver. Emphasize completing the waiver online to reduce wait times.

For groups of fifteen or more people, we offer a twenty-five percent discount with the code GROUPBOOKING25, which brings the price down to approximately twenty-five dollars and forty-seven cents per person for one hundred and twenty minutes including socks. Would you like to book a group visit?

Currently, we have an April Birthday Promotion offering up to one hundred and fifty dollars off birthday parties. Use the code APRILBDAY50 for a discount of fifty dollars on a Premium party, APRILBDAY100 for a hundred-dollar discount on a VIP party, or APRILBDAY150 for a one hundred and fifty-dollar discount on an Ultimate party. To qualify, you need to book by April thirty-first and host the event by September thirtieth.

We offer AeroCamp for children aged four to twelve years old. The full-day camp runs from eight-thirty in the morning until four-thirty in the afternoon at a cost of sixty-nine dollars and ninety cents per day or two hundred and ninety-nine dollars and ninety cents for a full week. We also have half-day options available for thirty-nine dollars and ninety cents. Activities include trampolines, games, challenges, crafts, and group activities.

[2] (source: voice_call_scripts.md)
Currently, we have an April Birthday Promotion offering up to one hundred and fifty dollars off birthday parties. Use the code APRILBDAY50 for a discount of fifty dollars on a Premium party, APRILBDAY100 for a hundred-dollar discount on a VIP party, or APRILBDAY150 for a one hundred and fifty-dollar discount on an Ultimate party. To qualify, you need to book by April thirty-first and host the event by September thirtieth.

We offer AeroCamp for children aged four to twelve years old. The full-day camp runs from eight-thirty in the morning until four-thirty in the afternoon at a cost of sixty-nine dollars and ninety cents per day or two hundred and ninety-nine dollars and ninety cents for a full week. We also have half-day options available for thirty-nine dollars and ninety cents. Activities include trampolines, games, challenges, crafts, and group activities. Early drop-off is available from seven-thirty in the morning and late pick-up past six o'clock in the evening for an additional ten dollars each.

That is a great question. I do not have that specific information right now, but I can arrange for someone from our team to get back to you. Can I get your name and phone number?


--- msg[1]  role=user ---
For calling.
────────────────────────────────────────────

[2026-04-25 14:15:26.922] [LLM_RAW_RESPONSE] [Turn #1]
────────────────────────────────────────────
Sure thing! You can reach us at two eight nine, four five four, five five five five. What else can I help with today? 
────────────────────────────────────────────

[2026-04-25 14:15:26.922] [FINAL_RESPONSE_TO_CALLER] [Turn #1]
────────────────────────────────────────────
Sure thing! You can reach us at two eight nine, four five four, five five five five. What else can I help with today?
────────────────────────────────────────────

[2026-04-25 14:15:27.208] [INCOMING_TRANSCRIPT] [Turn #2]
────────────────────────────────────────────
Hello?
────────────────────────────────────────────

[2026-04-25 14:15:27.209] [REFINED_QUERY] [Turn #2]
────────────────────────────────────────────
Original : Hello?
Refined  : (not run — conversational message) (RAG skipped)
────────────────────────────────────────────

[2026-04-25 14:15:27.209] [RAG_RESULTS] [Turn #2]
────────────────────────────────────────────
(no documents retrieved)
────────────────────────────────────────────

[2026-04-25 14:15:27.209] [LLM_CONTEXT] [Turn #2]
────────────────────────────────────────────
4 message(s):

--- msg[0]  role=system ---
<identity>
You are maya, a front desk staff member at AeroSports Scarborough trampoline park, answering inbound phone calls. You are a person, not an AI. If confused, respond like maya would: "Sorry, I didn't quite catch that — what can I help you with?"
</identity>

<core_rules>
These rules are absolute. They override everything else.

1. FACTS COME ONLY FROM THE KNOWLEDGE BASE CONTEXT BELOW. If a price, package, policy, promotion, hour, or detail is not written in the context, you do not know it. Do not guess, estimate, approximate, or fill in from memory. When you don't have something, say: "Hmm, I'm not sure on that one — best thing is to call us at two eight nine, four five four, five five five five and ask for a supervisor."

2. YOU CANNOT LOOK ANYTHING UP. You have no system, no database, no booking records. Never say "let me check" or "let me pull that up" or "I see your booking." If a caller asks about an existing booking, just acknowledge briefly ("Oh okay, sure" or "Got it") and wait — the team will take it from there.

3. ONE FACT AT A TIME. Answer the specific question asked. Don't combine entries, don't dump multiple packages, don't volunteer information they didn't ask for.

4. UNKNOWN TERMS ARE UNKNOWN. If a caller uses a product name, card name, or term that doesn't appear verbatim in the context ("blue card," "gold pass," etc.), say you're not sure what that is. Never map it to something that sounds similar.
</core_rules>

<voice_style>
Every word you write will be spoken aloud by a TTS engine. Write for the ear.

- No markdown, no bullets, no asterisks, no headers, no brackets, no lists.
- Short sentences. Use commas and periods for natural pauses.
- Spell out addresses, emails, and phone numbers: "aerosportsparks dot c a", "events dot scb at aerosportsparks dot c a", "two eight nine, four five four, five five five five."
- Prices: say "nineteen ninety plus tax," not "nineteen dollars and ninety cents." Always add "plus tax" after a price.
</voice_style>

<tone>
Talk like a busy front desk staff member, not a corporate assistant. Warm but efficient.

Use contractions and natural fillers: "yeah," "okay so," "for sure," "no worries," "gotcha," "perfect," "sounds good," "let me see."

Keep replies to one to three sentences unless the caller explicitly asks for a full breakdown.

Never say: "Great question," "I'd be happy to help," "Thank you for your inquiry," "Is there anything else I can assist you with," or any other call-center phrasing. Never open with "How may I assist you today" — just "How can I help you?"

Acknowledge personal details briefly and move on. If someone mentions a birthday: "Oh nice, happy birthday to them!" then answer.
</tone>

<response_pattern>
When a question involves multiple options, packages, or price tiers — give a brief one-sentence overview of what's available, then ask ONE follow-up to narrow down. Do NOT list every option with full pricing unless the caller explicitly asks for the full breakdown.

Birthday packages example:
Caller: "What birthday packages do you have?"
Wrong: [list all three packages with full details and prices]
Right: "Yeah we've got a few — a Premium, VIP, and Ultimate package. Do you have a rough idea of how many kids are coming?"

Jump pass example:
Caller: "How much does it cost?"
Wrong: [list all pass types and prices]
Right: "Depends on how long you're staying — are you thinking just a session, or more of an all-day thing?"

Let the caller ask for more. One piece of info at a time.
</response_pattern>

<handling_specific_situations>
Existing bookings — when a caller mentions a booking, party, or reservation they already have (wants to change, cancel, reschedule, or ask about it):

Do NOT try to help with the booking itself. Do NOT ask for booking details, dates, package types, or confirmation numbers. Do NOT quote rescheduling or cancellation policies.

Instead, collect two things and end the call:

1. First, acknowledge warmly: "Oh okay, no problem — I can have someone from our team call you back to sort that out. Can I grab your name?"

2. After they give their name, ask briefly: "And just so I can let them know — what are you looking to change?" Keep it to one short question.
3. Then confirm and wrap up: "Perfect, thanks [name]. Someone will give you a call back shortly to get that sorted. Have a good one!"

Do not ask for their phone number — we already have it. Do not ask follow-up questions about the booking. Do not offer to look anything up. Three turns max, then the call ends.

New birthday party bookings: briefly mention the tiers available ("We've got a Premium, VIP, and Ultimate package"). Ask one narrowing question: "Do you have a rough idea of how many kids are coming?" or "Do you already know which one you'd like?" Once they pick one, say "Perfect — for bookings you'd want to email events dot scb at aerosportsparks dot c a or I can have our events team reach out."

General pricing questions ("how much does it cost"): ask one short clarifying question first — "Which activity are you asking about?" or "Are you thinking a single visit or something longer-term?" — before answering.

Height or age requirements: frame casually as safety. "Yeah, it's just a safety thing — they need to be at least fifty four inches for the main track."

Frustrated callers: listen, validate ("Yeah no, I totally get that"), then offer what you can from the context. If you can't resolve it: "Honestly, best thing is to email events dot scb at aerosportsparks dot c a or call back and ask for a supervisor — they'll sort it out." Never promise a fix you can't deliver.
</handling_specific_situations>

<location_and_hours>
We're on Birchmount Road in Scarborough. Park hours: Monday to Thursday ten to eight, Friday and Saturday ten to ten, Sunday ten to nine. Only mention hours if the caller asks.
</location_and_hours>

CURRENT TIME: Saturday, April 25, 2026 at 02:15 PM (Eastern Time)

KNOWLEDGE BASE CONTEXT:

No matching context was found for this query. Direct the caller to phone 289-454-5555 or email events.scb@aerosportsparks.ca.

--- msg[1]  role=user ---
For calling.

--- msg[2]  role=assistant ---
Sure thing!

--- msg[3]  role=user ---
Hello?
────────────────────────────────────────────

[2026-04-25 14:15:27.482] [LLM_RAW_RESPONSE] [Turn #2]
────────────────────────────────────────────
Hi there! How can I help you today? 
────────────────────────────────────────────

[2026-04-25 14:15:27.482] [FINAL_RESPONSE_TO_CALLER] [Turn #2]
────────────────────────────────────────────
Hi there! How can I help you today?
────────────────────────────────────────────

[2026-04-25 14:15:31.927] [INCOMING_TRANSCRIPT] [Turn #3]
────────────────────────────────────────────
Hi.
────────────────────────────────────────────

[2026-04-25 14:15:31.927] [REFINED_QUERY] [Turn #3]
────────────────────────────────────────────
Original : Hi.
Refined  : (not run — conversational message) (RAG skipped)
────────────────────────────────────────────

[2026-04-25 14:15:31.927] [RAG_RESULTS] [Turn #3]
────────────────────────────────────────────
(no documents retrieved)
────────────────────────────────────────────

[2026-04-25 14:15:31.927] [LLM_CONTEXT] [Turn #3]
────────────────────────────────────────────
6 message(s):

--- msg[0]  role=system ---
<identity>
You are maya, a front desk staff member at AeroSports Scarborough trampoline park, answering inbound phone calls. You are a person, not an AI. If confused, respond like maya would: "Sorry, I didn't quite catch that — what can I help you with?"
</identity>

<core_rules>
These rules are absolute. They override everything else.

1. FACTS COME ONLY FROM THE KNOWLEDGE BASE CONTEXT BELOW. If a price, package, policy, promotion, hour, or detail is not written in the context, you do not know it. Do not guess, estimate, approximate, or fill in from memory. When you don't have something, say: "Hmm, I'm not sure on that one — best thing is to call us at two eight nine, four five four, five five five five and ask for a supervisor."

2. YOU CANNOT LOOK ANYTHING UP. You have no system, no database, no booking records. Never say "let me check" or "let me pull that up" or "I see your booking." If a caller asks about an existing booking, just acknowledge briefly ("Oh okay, sure" or "Got it") and wait — the team will take it from there.

3. ONE FACT AT A TIME. Answer the specific question asked. Don't combine entries, don't dump multiple packages, don't volunteer information they didn't ask for.

4. UNKNOWN TERMS ARE UNKNOWN. If a caller uses a product name, card name, or term that doesn't appear verbatim in the context ("blue card," "gold pass," etc.), say you're not sure what that is. Never map it to something that sounds similar.
</core_rules>

<voice_style>
Every word you write will be spoken aloud by a TTS engine. Write for the ear.

- No markdown, no bullets, no asterisks, no headers, no brackets, no lists.
- Short sentences. Use commas and periods for natural pauses.
- Spell out addresses, emails, and phone numbers: "aerosportsparks dot c a", "events dot scb at aerosportsparks dot c a", "two eight nine, four five four, five five five five."
- Prices: say "nineteen ninety plus tax," not "nineteen dollars and ninety cents." Always add "plus tax" after a price.
</voice_style>

<tone>
Talk like a busy front desk staff member, not a corporate assistant. Warm but efficient.

Use contractions and natural fillers: "yeah," "okay so," "for sure," "no worries," "gotcha," "perfect," "sounds good," "let me see."

Keep replies to one to three sentences unless the caller explicitly asks for a full breakdown.

Never say: "Great question," "I'd be happy to help," "Thank you for your inquiry," "Is there anything else I can assist you with," or any other call-center phrasing. Never open with "How may I assist you today" — just "How can I help you?"

Acknowledge personal details briefly and move on. If someone mentions a birthday: "Oh nice, happy birthday to them!" then answer.
</tone>

<response_pattern>
When a question involves multiple options, packages, or price tiers — give a brief one-sentence overview of what's available, then ask ONE follow-up to narrow down. Do NOT list every option with full pricing unless the caller explicitly asks for the full breakdown.

Birthday packages example:
Caller: "What birthday packages do you have?"
Wrong: [list all three packages with full details and prices]
Right: "Yeah we've got a few — a Premium, VIP, and Ultimate package. Do you have a rough idea of how many kids are coming?"

Jump pass example:
Caller: "How much does it cost?"
Wrong: [list all pass types and prices]
Right: "Depends on how long you're staying — are you thinking just a session, or more of an all-day thing?"

Let the caller ask for more. One piece of info at a time.
</response_pattern>

<handling_specific_situations>
Existing bookings — when a caller mentions a booking, party, or reservation they already have (wants to change, cancel, reschedule, or ask about it):

Do NOT try to help with the booking itself. Do NOT ask for booking details, dates, package types, or confirmation numbers. Do NOT quote rescheduling or cancellation policies.

Instead, collect two things and end the call:

1. First, acknowledge warmly: "Oh okay, no problem — I can have someone from our team call you back to sort that out. Can I grab your name?"

2. After they give their name, ask briefly: "And just so I can let them know — what are you looking to change?" Keep it to one short question.
3. Then confirm and wrap up: "Perfect, thanks [name]. Someone will give you a call back shortly to get that sorted. Have a good one!"

Do not ask for their phone number — we already have it. Do not ask follow-up questions about the booking. Do not offer to look anything up. Three turns max, then the call ends.

New birthday party bookings: briefly mention the tiers available ("We've got a Premium, VIP, and Ultimate package"). Ask one narrowing question: "Do you have a rough idea of how many kids are coming?" or "Do you already know which one you'd like?" Once they pick one, say "Perfect — for bookings you'd want to email events dot scb at aerosportsparks dot c a or I can have our events team reach out."

General pricing questions ("how much does it cost"): ask one short clarifying question first — "Which activity are you asking about?" or "Are you thinking a single visit or something longer-term?" — before answering.

Height or age requirements: frame casually as safety. "Yeah, it's just a safety thing — they need to be at least fifty four inches for the main track."

Frustrated callers: listen, validate ("Yeah no, I totally get that"), then offer what you can from the context. If you can't resolve it: "Honestly, best thing is to email events dot scb at aerosportsparks dot c a or call back and ask for a supervisor — they'll sort it out." Never promise a fix you can't deliver.
</handling_specific_situations>

<location_and_hours>
We're on Birchmount Road in Scarborough. Park hours: Monday to Thursday ten to eight, Friday and Saturday ten to ten, Sunday ten to nine. Only mention hours if the caller asks.
</location_and_hours>

CURRENT TIME: Saturday, April 25, 2026 at 02:15 PM (Eastern Time)

KNOWLEDGE BASE CONTEXT:

No matching context was found for this query. Direct the caller to phone 289-454-5555 or email events.scb@aerosportsparks.ca.

--- msg[1]  role=user ---
For calling.

--- msg[2]  role=assistant ---
Sure thing!

--- msg[3]  role=user ---
Hello?

--- msg[4]  role=assistant ---
Hi there! How can I help you today?

--- msg[5]  role=user ---
Hi.
────────────────────────────────────────────

[2026-04-25 14:15:32.163] [LLM_RAW_RESPONSE] [Turn #3]
────────────────────────────────────────────
Hey! What do you need assistance with? 
────────────────────────────────────────────

[2026-04-25 14:15:32.163] [FINAL_RESPONSE_TO_CALLER] [Turn #3]
────────────────────────────────────────────
Hey! What do you need assistance with?
────────────────────────────────────────────

[2026-04-25 14:15:36.390] [INCOMING_TRANSCRIPT] [Turn #4]
────────────────────────────────────────────
Do you guys have any slides
────────────────────────────────────────────

[2026-04-25 14:15:36.787] [REFINED_QUERY] [Turn #4]
────────────────────────────────────────────
Original : Do you guys have any slides
Refined  : Does AeroSports Scarborough offer any slide attractions or facilities?
────────────────────────────────────────────

[2026-04-25 14:15:37.225] [RAG_RESULTS] [Turn #4]
────────────────────────────────────────────
Retrieved 7 document(s):

[1]  score=0.7477936148643547  source=location_info.md
AeroSports Scarborough is located at one thousand one hundred and twenty Birchmount Road, Scarborough, Ontario, M1K five zero four four. The contact phone number for AeroSports Scarborough is two eighty-nine dash four fifty-four-five five five five. To reach the park extension, dial three. For email inquiries, send messages to events.scb at aerosportsparks dot ca. Scott and Rachit are the contact managers available for assistance. More information can be found on their website at https://www.aer…

[2]  score=0.7341750105723862  source=chatbot_quick_replies.md
AeroSports Scarborough offers a variety of activities including wall-to-wall trampolines, a ninja warrior course, a ninja maze, rock climbing walls, dodgeball, slam basketball, a 360 bicycle ride, giant slides, a jump tower, and go karting. Everything except go karting is included in your jump pass.

A ninety-minute Premium Jump Pass costs twenty-four dollars and ninety cents, while a one hundred and twenty-minute VIP Jump Pass costs twenty-nine dollars and ninety cents. The All Day Pass is pric…

[3]  score=0.6194498169750096  source=voice_call_scripts.md
Thank you for calling AeroSports Scarborough! How can I help you today? Use a warm, upbeat tone.

One moment while I look that up for you. Use this phrase when retrieving information.

Let me connect you with one of our team members who can help you with that. One moment please. This is used when the question is beyond what the AI can handle.

Thanks for calling AeroSports Scarborough! We look forward to seeing you. Have a great day! Always end on a positive note.

We are located at one thousand…

[4]  score=0.5509850322025976  source=faqs.md
Yes, AeroSports socks are required at all locations. These jump socks are available for three dollars and ninety-nine cents plus tax. They are reusable, so it's recommended to keep them for future visits.

Our trampolines have a weight limit of three hundred pounds.

Waivers are necessary for every guest visiting the park, including those who do not participate in jumping activities. You can fill out the waiver online before your arrival to reduce check-in time. Children under eighteen years old…

[5]  score=0.527166350866369  source=faqs.md
If a child gets injured during their time at our park, trained staff will respond on-site immediately. Parents will be notified right away, and emergency protocols will be followed if the injury is serious.

You can arrange to tour the facility before making your booking by contacting us directly. We'll help set up a convenient time for you to visit.

Yes, splitting the party cost is possible. Please let us know in advance so we can accommodate this request.

Our staff assists with both setup an…

[6]  score=0.49595689821757105  source=park_rules.md
All jumpers must wear AeroSports Socks on all park attractions, which cost three dollars and ninety-nine cents each and are reusable. Adults or individuals staying to watch their kids or supervise are counted as spectators and do not need to pay for entry. Toddlers under two years old must be accompanied by a parent who has purchased an adult jump ticket for ages six and up.

Trampolines have a three hundred pound weight limit. All jumpers must have a completed liability waiver on file, and anyo…

[7]  score=0.49535426442079333  source=voice_call_scripts.md
Currently, we have an April Birthday Promotion offering up to one hundred and fifty dollars off birthday parties. Use the code APRILBDAY50 for a discount of fifty dollars on a Premium party, APRILBDAY100 for a hundred-dollar discount on a VIP party, or APRILBDAY150 for a one hundred and fifty-dollar discount on an Ultimate party. To qualify, you need to book by April thirty-first and host the event by September thirtieth.

We offer AeroCamp for children aged four to twelve years old. The full-da…
────────────────────────────────────────────

[2026-04-25 14:15:37.225] [LLM_CONTEXT] [Turn #4]
────────────────────────────────────────────
8 message(s):

--- msg[0]  role=system ---
<identity>
You are maya, a front desk staff member at AeroSports Scarborough trampoline park, answering inbound phone calls. You are a person, not an AI. If confused, respond like maya would: "Sorry, I didn't quite catch that — what can I help you with?"
</identity>

<core_rules>
These rules are absolute. They override everything else.

1. FACTS COME ONLY FROM THE KNOWLEDGE BASE CONTEXT BELOW. If a price, package, policy, promotion, hour, or detail is not written in the context, you do not know it. Do not guess, estimate, approximate, or fill in from memory. When you don't have something, say: "Hmm, I'm not sure on that one — best thing is to call us at two eight nine, four five four, five five five five and ask for a supervisor."

2. YOU CANNOT LOOK ANYTHING UP. You have no system, no database, no booking records. Never say "let me check" or "let me pull that up" or "I see your booking." If a caller asks about an existing booking, just acknowledge briefly ("Oh okay, sure" or "Got it") and wait — the team will take it from there.

3. ONE FACT AT A TIME. Answer the specific question asked. Don't combine entries, don't dump multiple packages, don't volunteer information they didn't ask for.

4. UNKNOWN TERMS ARE UNKNOWN. If a caller uses a product name, card name, or term that doesn't appear verbatim in the context ("blue card," "gold pass," etc.), say you're not sure what that is. Never map it to something that sounds similar.
</core_rules>

<voice_style>
Every word you write will be spoken aloud by a TTS engine. Write for the ear.

- No markdown, no bullets, no asterisks, no headers, no brackets, no lists.
- Short sentences. Use commas and periods for natural pauses.
- Spell out addresses, emails, and phone numbers: "aerosportsparks dot c a", "events dot scb at aerosportsparks dot c a", "two eight nine, four five four, five five five five."
- Prices: say "nineteen ninety plus tax," not "nineteen dollars and ninety cents." Always add "plus tax" after a price.
</voice_style>

<tone>
Talk like a busy front desk staff member, not a corporate assistant. Warm but efficient.

Use contractions and natural fillers: "yeah," "okay so," "for sure," "no worries," "gotcha," "perfect," "sounds good," "let me see."

Keep replies to one to three sentences unless the caller explicitly asks for a full breakdown.

Never say: "Great question," "I'd be happy to help," "Thank you for your inquiry," "Is there anything else I can assist you with," or any other call-center phrasing. Never open with "How may I assist you today" — just "How can I help you?"

Acknowledge personal details briefly and move on. If someone mentions a birthday: "Oh nice, happy birthday to them!" then answer.
</tone>

<response_pattern>
When a question involves multiple options, packages, or price tiers — give a brief one-sentence overview of what's available, then ask ONE follow-up to narrow down. Do NOT list every option with full pricing unless the caller explicitly asks for the full breakdown.

Birthday packages example:
Caller: "What birthday packages do you have?"
Wrong: [list all three packages with full details and prices]
Right: "Yeah we've got a few — a Premium, VIP, and Ultimate package. Do you have a rough idea of how many kids are coming?"

Jump pass example:
Caller: "How much does it cost?"
Wrong: [list all pass types and prices]
Right: "Depends on how long you're staying — are you thinking just a session, or more of an all-day thing?"

Let the caller ask for more. One piece of info at a time.
</response_pattern>

<handling_specific_situations>
Existing bookings — when a caller mentions a booking, party, or reservation they already have (wants to change, cancel, reschedule, or ask about it):

Do NOT try to help with the booking itself. Do NOT ask for booking details, dates, package types, or confirmation numbers. Do NOT quote rescheduling or cancellation policies.

Instead, collect two things and end the call:

1. First, acknowledge warmly: "Oh okay, no problem — I can have someone from our team call you back to sort that out. Can I grab your name?"

2. After they give their name, ask briefly: "And just so I can let them know — what are you looking to change?" Keep it to one short question.
3. Then confirm and wrap up: "Perfect, thanks [name]. Someone will give you a call back shortly to get that sorted. Have a good one!"

Do not ask for their phone number — we already have it. Do not ask follow-up questions about the booking. Do not offer to look anything up. Three turns max, then the call ends.

New birthday party bookings: briefly mention the tiers available ("We've got a Premium, VIP, and Ultimate package"). Ask one narrowing question: "Do you have a rough idea of how many kids are coming?" or "Do you already know which one you'd like?" Once they pick one, say "Perfect — for bookings you'd want to email events dot scb at aerosportsparks dot c a or I can have our events team reach out."

General pricing questions ("how much does it cost"): ask one short clarifying question first — "Which activity are you asking about?" or "Are you thinking a single visit or something longer-term?" — before answering.

Height or age requirements: frame casually as safety. "Yeah, it's just a safety thing — they need to be at least fifty four inches for the main track."

Frustrated callers: listen, validate ("Yeah no, I totally get that"), then offer what you can from the context. If you can't resolve it: "Honestly, best thing is to email events dot scb at aerosportsparks dot c a or call back and ask for a supervisor — they'll sort it out." Never promise a fix you can't deliver.
</handling_specific_situations>

<location_and_hours>
We're on Birchmount Road in Scarborough. Park hours: Monday to Thursday ten to eight, Friday and Saturday ten to ten, Sunday ten to nine. Only mention hours if the caller asks.
</location_and_hours>

CURRENT TIME: Saturday, April 25, 2026 at 02:15 PM (Eastern Time)

KNOWLEDGE BASE CONTEXT:

[1] (source: location_info.md)
AeroSports Scarborough is located at one thousand one hundred and twenty Birchmount Road, Scarborough, Ontario, M1K five zero four four. The contact phone number for AeroSports Scarborough is two eighty-nine dash four fifty-four-five five five five. To reach the park extension, dial three. For email inquiries, send messages to events.scb at aerosportsparks dot ca. Scott and Rachit are the contact managers available for assistance. More information can be found on their website at https://www.aerosportsparks.ca.

The hours of operation for AeroSports Scarborough from Sunday to Thursday are ten o'clock in the morning until eight o'clock in the evening. On Fridays and Saturdays, the facility is open from ten o'clock in the morning until ten o'clock in the evening.

For booking activities at AeroSports Scarborough, visit their booking URL at https://ecom.roller.app/aerosportsscarborough/products/en/home. Birthday parties can be organized by visiting the birthday booking URL at https://ecom.roller.app/aerosportsscarborough/birthdayparties/en/products. To access and complete necessary waivers, go to https://waiver.roller.app/aerosportsscarborough/. The location on Google Maps can be found at https://g.page/AeroSports-scarborough. Birthday invitations are available for download or customization at https://aerosportsinvitation.netlify.app/invitationscarborough.

[2] (source: chatbot_quick_replies.md)
AeroSports Scarborough offers a variety of activities including wall-to-wall trampolines, a ninja warrior course, a ninja maze, rock climbing walls, dodgeball, slam basketball, a 360 bicycle ride, giant slides, a jump tower, and go karting. Everything except go karting is included in your jump pass.

A ninety-minute Premium Jump Pass costs twenty-four dollars and ninety cents, while a one hundred and twenty-minute VIP Jump Pass costs twenty-nine dollars and ninety cents. The All Day Pass is priced at thirty-nine dollars and ninety cents. AeroSports grip socks are required for participation and cost three dollars and ninety-nine cents but are reusable. All prices mentioned are plus tax. Go karting is available separately starting at nine dollars and ninety cents.

AeroSports Scarborough welcomes guests of all ages as long as they can walk. Children under two years old can enter free with a paying adult. Additionally, there is Toddler Time on Saturday mornings from nine to ten o'clock in the morning exclusively for children five years old and under, which costs fifteen dollars and ninety cents per child, and one parent jumps free.

For birthday parties, AeroSports Scarborough offers three packages starting at thirty-nine dollars and ninety cents per jumper with a minimum of ten kids. All packages include pizza, drinks, access to a private party room, a glow t-shirt for the birthday child, and digital invitations. The Ultimate Package also includes go karting, a free thirty-day pass, and free socks for everyone.

AeroSports Scarborough is located at one thousand one hundred and twenty Birchmount Road in Scarborough, Ontario, M1K 5G4. You can find it on Google Maps by searching AeroSports Scarborough. The phone number to contact them is two eight nine dash four five four dash five five five five.

Safety is a top priority at AeroSports Scarborough. They have trained staff and park rules posted throughout the facility. There is a three hundred pound weight limit on trampolines, and all jumpers need a signed waiver. Children under ten years old must be accompanied by an adult. Spectators are always free to watch, and there is comfortable seating along with complimentary Wi-Fi available for parents.

[3] (source: voice_call_scripts.md)
Thank you for calling AeroSports Scarborough! How can I help you today? Use a warm, upbeat tone.

One moment while I look that up for you. Use this phrase when retrieving information.

Let me connect you with one of our team members who can help you with that. One moment please. This is used when the question is beyond what the AI can handle.

Thanks for calling AeroSports Scarborough! We look forward to seeing you. Have a great day! Always end on a positive note.

We are located at one thousand one hundred and twenty Birchmount Road in Scarborough. The postal code is M1K 5G4. Speak the address clearly and slowly.

Our operating hours are from ten o'clock in the morning until eight o'clock in the evening, Sunday through Thursday, and from ten o'clock in the morning until ten o'clock in the evening on Friday and Saturday. Say times clearly with AM/PM.

The Premium Jump Pass costs twenty-four dollars and ninety cents for ninety minutes, while the VIP Jump Pass is priced at twenty-nine dollars and ninety cents for one hundred and twenty minutes. We also offer an All Day Pass for thirty-nine dollars and ninety cents and an ultimate pass which includes go karting and laser tag for forty-nine dollars and ninety cents for one hundred and eighty minutes. Please note that all prices are plus tax. Aero Socks, required for participation, cost three dollars and ninety-nine cents but they are reusable so you can bring them back next time.

We have three birthday party packages available. The Premium Party starts at thirty-nine dollars and ninety cents per jumper, offering seventy-five minutes of jump time and forty-five minutes in a private party room. The VIP Party is priced at forty-four dollars and ninety cents per jumper with ninety minutes of jump time and sixty minutes of room time. Lastly, the Ultimate Party costs fifty-nine dollars and ninety cents per jumper, providing one hundred and twenty minutes of jump time, sixty minutes of room time, plus go karting for every jumper. All packages include pizza and drinks, with a minimum requirement of ten jumpers. Would you like more details on any package?

Go karting is available on two tracks at our facility. The main track is suitable for riders who are fifty-four inches or taller and costs nineteen dollars and ninety cents for a standalone race or nine dollars and ninety cents as an add-on if you already have a jump pass. The mini track accommodates riders who are thirty-six inches or taller, with a standalone cost of nine dollars and ninety cents or four dollars and ninety cents as an add-on. Each race allows up to ten laps. Remember that closed-toed shoes are required for go karting.

You can book online at our website aerosportsparks.ca, or I can assist you with the booking process right now. Would you like to proceed?

Everyone who enters the park needs a signed waiver, including non-jumpers. You have the option to fill it out online ahead of time on our website to save time at check-in. For anyone under eighteen years old, a parent or legal guardian must sign the waiver. Emphasize completing the waiver online to reduce wait times.

For groups of fifteen or more people, we offer a twenty-five percent discount with the code GROUPBOOKING25, which brings the price down to approximately twenty-five dollars and forty-seven cents per person for one hundred and twenty minutes including socks. Would you like to book a group visit?

Currently, we have an April Birthday Promotion offering up to one hundred and fifty dollars off birthday parties. Use the code APRILBDAY50 for a discount of fifty dollars on a Premium party, APRILBDAY100 for a hundred-dollar discount on a VIP party, or APRILBDAY150 for a one hundred and fifty-dollar discount on an Ultimate party. To qualify, you need to book by April thirty-first and host the event by September thirtieth.

We offer AeroCamp for children aged four to twelve years old. The full-day camp runs from eight-thirty in the morning until four-thirty in the afternoon at a cost of sixty-nine dollars and ninety cents per day or two hundred and ninety-nine dollars and ninety cents for a full week. We also have half-day options available for thirty-nine dollars and ninety cents. Activities include trampolines, games, challenges, crafts, and group activities.

[4] (source: faqs.md)
Yes, AeroSports socks are required at all locations. These jump socks are available for three dollars and ninety-nine cents plus tax. They are reusable, so it's recommended to keep them for future visits.

Our trampolines have a weight limit of three hundred pounds.

Waivers are necessary for every guest visiting the park, including those who do not participate in jumping activities. You can fill out the waiver online before your arrival to reduce check-in time. Children under eighteen years old must have their waivers signed by a parent or legal guardian.

Children under twelve years old cannot be left unattended at the park. While all children under eighteen need a parent or legal guardian to sign the waiver, it's important to ensure they understand the park rules before being dropped off.

Non-jumpers are never charged admission; only those participating in jumping activities pay for general admission.

Yes! We have a fully stocked Snack Shack serving delicious treats available for purchase.

Weekends tend to be busier than weekdays at our park. Weekdays generally offer shorter wait times and less crowded conditions, making it easier to enjoy the attractions without long lines.

The best time to visit is typically in the morning right when we open or later in the afternoon before closing. This timing helps avoid peak crowds that usually occur around midday.

Yes, you can bring your own food into the park. However, please note that outside food and beverages are not allowed inside our attractions for safety reasons. You're welcome to enjoy your snacks in designated areas such as picnic spots or while waiting in line.

Our birthday party packages include a private room with jump time included. The premium package does not include socks, but you can purchase them separately. The VIP package offers socks at fifty percent off, and the ultimate package includes free socks.

Additional jumpers beyond the minimum required for your package can be added at the per-jumper price. Make sure that the total number of jumpers does not exceed the room capacity.

Yes, additional jumping or party room time may be available for purchase based on availability.

The minimum jumper count for your package is still charged even if some guests do not show up. There might also be additional fees for extra arrivals beyond what was initially planned.

While we try to accommodate requests for specific party rooms, we cannot guarantee them as it depends on availability at the time of booking.

Yes, there is an area designated for parents to wait while their children enjoy the party activities. Parents can relax in our viewing area or common spaces within the park.

You are allowed to bring outside decorations as long as they comply with our policies. Please note that confetti, piñatas, and silly string are not permitted, and a cleaning charge of forty dollars will be applied if these items are used.

The check-in process for party guests involves staff assistance. It's important to ensure all waivers are completed beforehand, and wristbands will be provided upon arrival.

Yes, we can accommodate dietary restrictions with advance notice. Please contact us in advance to discuss your specific needs so that we can make the necessary arrangements.

If your party runs late, it must adhere to the scheduled time as planned. Overages may result in additional fees being charged.

The birthday child is included in the jumper count for the minimum required by your package.

Digital invitations are included with every birthday party package. If you prefer physical invitations, they can be provided at a cost of seventy-five cents each.

Yes, themed props or costumes that are safe and suitable for jumping activities are allowed.

If a child gets injured during their time at our park, trained staff will respond on-site immediately. Parents will be notified right away, and emergency protocols will be followed if the injury is serious.

You can arrange to tour the facility before making your booking by contacting us directly. We'll help set up a convenient time for you to visit.

Yes, splitting the party cost is possible. Please let us know in advance so we can accommodate this request.

Our staff assists with both setup and cleanup of birthday parties to ensure everything runs smoothly from start to finish.

Non-jumpers are welcome to enjoy the party room and food but will not have access to jumping attractions. They do not count toward the minimum number required for your package.

Yes, you can book our camp programs for twins or multiple children. Please inform us in advance so we can customize plans accordingly.

If you need to reschedule your booking within one year of the original date, there is no charge.

[5] (source: faqs.md)
If a child gets injured during their time at our park, trained staff will respond on-site immediately. Parents will be notified right away, and emergency protocols will be followed if the injury is serious.

You can arrange to tour the facility before making your booking by contacting us directly. We'll help set up a convenient time for you to visit.

Yes, splitting the party cost is possible. Please let us know in advance so we can accommodate this request.

Our staff assists with both setup and cleanup of birthday parties to ensure everything runs smoothly from start to finish.

Non-jumpers are welcome to enjoy the party room and food but will not have access to jumping attractions. They do not count toward the minimum number required for your package.

Yes, you can book our camp programs for twins or multiple children. Please inform us in advance so we can customize plans accordingly.

If you need to reschedule your booking within one year of the original date, there is no charge. If you cancel fourteen days or more before the scheduled event, a store gift card will be issued. Cancellations made within fourteen days of the event do not qualify for a refund.

Upgrades or downgrades to your package must be done at least fourteen days in advance and are subject to availability.

Yes, there may be rewards available for hosting multiple parties. Please contact us to learn more about repeat booking discounts or other incentives we might offer.

Aero Camp includes supervised trampoline activities, games, challenges, crafts, contests, and group activities designed to keep campers engaged throughout the day.

You can book individual days or a full week at Aero Camp, with both pricing options available for your convenience.

Lunch is not included in the camp package but can be added for nine dollars and ninety cents per day. Alternatively, you may choose to send a packed lunch from home.

To register your child for Aero Camp, you can do so online or by calling the park directly. Spots fill up quickly, so early registration is recommended.

Your child should bring comfortable activewear suitable for physical activities, a packed lunch and snacks if not opting for the lunch combo, and a refillable water bottle to stay hydrated throughout the day.

Yes, there will be trained staff supervising campers at all times to ensure their safety and enjoyment during camp activities.

You can add early drop-off or late pick-up options last minute by notifying the camp team as soon as possible. We typically accommodate these requests with short notice.

The age requirement for Aero Camp is four to twelve years old, ensuring that all participants are within a suitable range for the planned activities.

A signed waiver is required before attending Aero Camp. You can complete this online or at the park upon arrival.

PA Day Camps are offered on all PA days as per Catholic and Public Elementary School Boards' schedules. Check our website or call us to get more information about these specific dates.

Summer Camp runs during specific weeks in the summer, with exact dates announced closer to the start of the season.

March Break Camp is available during the official March Break period for all elementary and secondary students.

Winter Camp takes place during the winter holiday period. The exact dates will be posted closer to the season.

While we encourage parents to drop off their children at camp for a smooth experience, you can let us know if your child needs settling-in support upon arrival.

Extended hours are structured with supervised free play or quiet activities. Early drop-off is available from 7:30 AM, and late pick-up can be arranged past 6 PM, though prices may vary depending on the timing.

Yes, we have a lost and found area where items left behind by campers can be retrieved. We recommend labeling all personal belongings to facilitate this process if needed.

Electronic devices are not allowed during camp activities to avoid distractions or potential damage. We recommend leaving them at home for your child's safety and full engagement in the camp experience.

There will be rest periods throughout the day, including short breaks for rest, snacks, and lunch. During these times, quiet activities like crafts may also be offered to provide a balanced schedule for campers.

If your child feels unwell during camp, we will notify you immediately. Our trained staff can handle minor first-aid situations, and emergency contacts provided at registration will be used if necessary.

Behavioral issues are managed calmly by our staff. If further action is needed, parents will be informed to address the situation appropriately.


--- msg[1]  role=user ---
For calling.

--- msg[2]  role=assistant ---
Sure thing!

--- msg[3]  role=user ---
Hello?

--- msg[4]  role=assistant ---
Hi there! How can I help you today?

--- msg[5]  role=user ---
Hi.

--- msg[6]  role=assistant ---
Hey!

--- msg[7]  role=user ---
Do you guys have any slides
────────────────────────────────────────────

[2026-04-25 14:15:39.601] [LLM_RAW_RESPONSE] [Turn #4]
────────────────────────────────────────────
Yes, we do! We have a variety of slides for all ages to enjoy. Whether it's a twisty slide or a straight drop, there's something fun for everyone at our park. Let me know if you need more details about the specific types of slides we offer! 🎢. 
────────────────────────────────────────────

[2026-04-25 14:15:39.601] [FINAL_RESPONSE_TO_CALLER] [Turn #4]
────────────────────────────────────────────
Yes, we do! We have a variety of slides for all ages to enjoy. Whether it's a twisty slide or a straight drop, there's something fun for everyone at our park. Let me know if you need more details about the specific types of slides we offer! .
────────────────────────────────────────────

[2026-04-25 14:15:54.757] [INCOMING_TRANSCRIPT] [Turn #5]
────────────────────────────────────────────
Do you guys have any trampoline?
────────────────────────────────────────────

[2026-04-25 14:15:55.674] [REFINED_QUERY] [Turn #5]
────────────────────────────────────────────
Original : Do you guys have any trampoline?
Refined  : Does AeroSports Scarborough offer trampolines, in addition to their variety of slides for all ages? 

(Note: The user is asking about additional attractions beyond the slides mentioned earlier.)
────────────────────────────────────────────

[2026-04-25 14:15:56.064] [RAG_RESULTS] [Turn #5]
────────────────────────────────────────────
Retrieved 7 document(s):

[1]  score=0.7428202765262635  source=chatbot_quick_replies.md
AeroSports Scarborough offers a variety of activities including wall-to-wall trampolines, a ninja warrior course, a ninja maze, rock climbing walls, dodgeball, slam basketball, a 360 bicycle ride, giant slides, a jump tower, and go karting. Everything except go karting is included in your jump pass.

A ninety-minute Premium Jump Pass costs twenty-four dollars and ninety cents, while a one hundred and twenty-minute VIP Jump Pass costs twenty-nine dollars and ninety cents. The All Day Pass is pric…

[2]  score=0.697489583193014  source=location_info.md
AeroSports Scarborough is located at one thousand one hundred and twenty Birchmount Road, Scarborough, Ontario, M1K five zero four four. The contact phone number for AeroSports Scarborough is two eighty-nine dash four fifty-four-five five five five. To reach the park extension, dial three. For email inquiries, send messages to events.scb at aerosportsparks dot ca. Scott and Rachit are the contact managers available for assistance. More information can be found on their website at https://www.aer…

[3]  score=0.5754500970512697  source=voice_call_scripts.md
Thank you for calling AeroSports Scarborough! How can I help you today? Use a warm, upbeat tone.

One moment while I look that up for you. Use this phrase when retrieving information.

Let me connect you with one of our team members who can help you with that. One moment please. This is used when the question is beyond what the AI can handle.

Thanks for calling AeroSports Scarborough! We look forward to seeing you. Have a great day! Always end on a positive note.

We are located at one thousand…

[4]  score=0.5453499555587807  source=faqs.md
Yes, AeroSports socks are required at all locations. These jump socks are available for three dollars and ninety-nine cents plus tax. They are reusable, so it's recommended to keep them for future visits.

Our trampolines have a weight limit of three hundred pounds.

Waivers are necessary for every guest visiting the park, including those who do not participate in jumping activities. You can fill out the waiver online before your arrival to reduce check-in time. Children under eighteen years old…

[5]  score=0.5384720884842935  source=attractions.md
The Freestyle/Open Jump attraction features wall-to-wall trampolines where visitors can jump, flip, and freestyle. This main trampoline area includes interconnected trampolines for bouncing fun. It is available to all ages as long as a child can walk, and the activity is included with any jump pass.

Rock Walls offer indoor rock climbing walls with different difficulty levels, allowing participants to test their strength and push their limits by climbing to the top. This attraction is also open …

[6]  score=0.5267917388789423  source=faqs.md
If a child gets injured during their time at our park, trained staff will respond on-site immediately. Parents will be notified right away, and emergency protocols will be followed if the injury is serious.

You can arrange to tour the facility before making your booking by contacting us directly. We'll help set up a convenient time for you to visit.

Yes, splitting the party cost is possible. Please let us know in advance so we can accommodate this request.

Our staff assists with both setup an…

[7]  score=0.5148426294326819  source=park_rules.md
All jumpers must wear AeroSports Socks on all park attractions, which cost three dollars and ninety-nine cents each and are reusable. Adults or individuals staying to watch their kids or supervise are counted as spectators and do not need to pay for entry. Toddlers under two years old must be accompanied by a parent who has purchased an adult jump ticket for ages six and up.

Trampolines have a three hundred pound weight limit. All jumpers must have a completed liability waiver on file, and anyo…
────────────────────────────────────────────

[2026-04-25 14:15:56.065] [LLM_CONTEXT] [Turn #5]
────────────────────────────────────────────
10 message(s):

--- msg[0]  role=system ---
<identity>
You are maya, a front desk staff member at AeroSports Scarborough trampoline park, answering inbound phone calls. You are a person, not an AI. If confused, respond like maya would: "Sorry, I didn't quite catch that — what can I help you with?"
</identity>

<core_rules>
These rules are absolute. They override everything else.

1. FACTS COME ONLY FROM THE KNOWLEDGE BASE CONTEXT BELOW. If a price, package, policy, promotion, hour, or detail is not written in the context, you do not know it. Do not guess, estimate, approximate, or fill in from memory. When you don't have something, say: "Hmm, I'm not sure on that one — best thing is to call us at two eight nine, four five four, five five five five and ask for a supervisor."

2. YOU CANNOT LOOK ANYTHING UP. You have no system, no database, no booking records. Never say "let me check" or "let me pull that up" or "I see your booking." If a caller asks about an existing booking, just acknowledge briefly ("Oh okay, sure" or "Got it") and wait — the team will take it from there.

3. ONE FACT AT A TIME. Answer the specific question asked. Don't combine entries, don't dump multiple packages, don't volunteer information they didn't ask for.

4. UNKNOWN TERMS ARE UNKNOWN. If a caller uses a product name, card name, or term that doesn't appear verbatim in the context ("blue card," "gold pass," etc.), say you're not sure what that is. Never map it to something that sounds similar.
</core_rules>

<voice_style>
Every word you write will be spoken aloud by a TTS engine. Write for the ear.

- No markdown, no bullets, no asterisks, no headers, no brackets, no lists.
- Short sentences. Use commas and periods for natural pauses.
- Spell out addresses, emails, and phone numbers: "aerosportsparks dot c a", "events dot scb at aerosportsparks dot c a", "two eight nine, four five four, five five five five."
- Prices: say "nineteen ninety plus tax," not "nineteen dollars and ninety cents." Always add "plus tax" after a price.
</voice_style>

<tone>
Talk like a busy front desk staff member, not a corporate assistant. Warm but efficient.

Use contractions and natural fillers: "yeah," "okay so," "for sure," "no worries," "gotcha," "perfect," "sounds good," "let me see."

Keep replies to one to three sentences unless the caller explicitly asks for a full breakdown.

Never say: "Great question," "I'd be happy to help," "Thank you for your inquiry," "Is there anything else I can assist you with," or any other call-center phrasing. Never open with "How may I assist you today" — just "How can I help you?"

Acknowledge personal details briefly and move on. If someone mentions a birthday: "Oh nice, happy birthday to them!" then answer.
</tone>

<response_pattern>
When a question involves multiple options, packages, or price tiers — give a brief one-sentence overview of what's available, then ask ONE follow-up to narrow down. Do NOT list every option with full pricing unless the caller explicitly asks for the full breakdown.

Birthday packages example:
Caller: "What birthday packages do you have?"
Wrong: [list all three packages with full details and prices]
Right: "Yeah we've got a few — a Premium, VIP, and Ultimate package. Do you have a rough idea of how many kids are coming?"

Jump pass example:
Caller: "How much does it cost?"
Wrong: [list all pass types and prices]
Right: "Depends on how long you're staying — are you thinking just a session, or more of an all-day thing?"

Let the caller ask for more. One piece of info at a time.
</response_pattern>

<handling_specific_situations>
Existing bookings — when a caller mentions a booking, party, or reservation they already have (wants to change, cancel, reschedule, or ask about it):

Do NOT try to help with the booking itself. Do NOT ask for booking details, dates, package types, or confirmation numbers. Do NOT quote rescheduling or cancellation policies.

Instead, collect two things and end the call:

1. First, acknowledge warmly: "Oh okay, no problem — I can have someone from our team call you back to sort that out. Can I grab your name?"

2. After they give their name, ask briefly: "And just so I can let them know — what are you looking to change?" Keep it to one short question.
3. Then confirm and wrap up: "Perfect, thanks [name]. Someone will give you a call back shortly to get that sorted. Have a good one!"

Do not ask for their phone number — we already have it. Do not ask follow-up questions about the booking. Do not offer to look anything up. Three turns max, then the call ends.

New birthday party bookings: briefly mention the tiers available ("We've got a Premium, VIP, and Ultimate package"). Ask one narrowing question: "Do you have a rough idea of how many kids are coming?" or "Do you already know which one you'd like?" Once they pick one, say "Perfect — for bookings you'd want to email events dot scb at aerosportsparks dot c a or I can have our events team reach out."

General pricing questions ("how much does it cost"): ask one short clarifying question first — "Which activity are you asking about?" or "Are you thinking a single visit or something longer-term?" — before answering.

Height or age requirements: frame casually as safety. "Yeah, it's just a safety thing — they need to be at least fifty four inches for the main track."

Frustrated callers: listen, validate ("Yeah no, I totally get that"), then offer what you can from the context. If you can't resolve it: "Honestly, best thing is to email events dot scb at aerosportsparks dot c a or call back and ask for a supervisor — they'll sort it out." Never promise a fix you can't deliver.
</handling_specific_situations>

<location_and_hours>
We're on Birchmount Road in Scarborough. Park hours: Monday to Thursday ten to eight, Friday and Saturday ten to ten, Sunday ten to nine. Only mention hours if the caller asks.
</location_and_hours>

CURRENT TIME: Saturday, April 25, 2026 at 02:15 PM (Eastern Time)

KNOWLEDGE BASE CONTEXT:

[1] (source: chatbot_quick_replies.md)
AeroSports Scarborough offers a variety of activities including wall-to-wall trampolines, a ninja warrior course, a ninja maze, rock climbing walls, dodgeball, slam basketball, a 360 bicycle ride, giant slides, a jump tower, and go karting. Everything except go karting is included in your jump pass.

A ninety-minute Premium Jump Pass costs twenty-four dollars and ninety cents, while a one hundred and twenty-minute VIP Jump Pass costs twenty-nine dollars and ninety cents. The All Day Pass is priced at thirty-nine dollars and ninety cents. AeroSports grip socks are required for participation and cost three dollars and ninety-nine cents but are reusable. All prices mentioned are plus tax. Go karting is available separately starting at nine dollars and ninety cents.

AeroSports Scarborough welcomes guests of all ages as long as they can walk. Children under two years old can enter free with a paying adult. Additionally, there is Toddler Time on Saturday mornings from nine to ten o'clock in the morning exclusively for children five years old and under, which costs fifteen dollars and ninety cents per child, and one parent jumps free.

For birthday parties, AeroSports Scarborough offers three packages starting at thirty-nine dollars and ninety cents per jumper with a minimum of ten kids. All packages include pizza, drinks, access to a private party room, a glow t-shirt for the birthday child, and digital invitations. The Ultimate Package also includes go karting, a free thirty-day pass, and free socks for everyone.

AeroSports Scarborough is located at one thousand one hundred and twenty Birchmount Road in Scarborough, Ontario, M1K 5G4. You can find it on Google Maps by searching AeroSports Scarborough. The phone number to contact them is two eight nine dash four five four dash five five five five.

Safety is a top priority at AeroSports Scarborough. They have trained staff and park rules posted throughout the facility. There is a three hundred pound weight limit on trampolines, and all jumpers need a signed waiver. Children under ten years old must be accompanied by an adult. Spectators are always free to watch, and there is comfortable seating along with complimentary Wi-Fi available for parents.

[2] (source: location_info.md)
AeroSports Scarborough is located at one thousand one hundred and twenty Birchmount Road, Scarborough, Ontario, M1K five zero four four. The contact phone number for AeroSports Scarborough is two eighty-nine dash four fifty-four-five five five five. To reach the park extension, dial three. For email inquiries, send messages to events.scb at aerosportsparks dot ca. Scott and Rachit are the contact managers available for assistance. More information can be found on their website at https://www.aerosportsparks.ca.

The hours of operation for AeroSports Scarborough from Sunday to Thursday are ten o'clock in the morning until eight o'clock in the evening. On Fridays and Saturdays, the facility is open from ten o'clock in the morning until ten o'clock in the evening.

For booking activities at AeroSports Scarborough, visit their booking URL at https://ecom.roller.app/aerosportsscarborough/products/en/home. Birthday parties can be organized by visiting the birthday booking URL at https://ecom.roller.app/aerosportsscarborough/birthdayparties/en/products. To access and complete necessary waivers, go to https://waiver.roller.app/aerosportsscarborough/. The location on Google Maps can be found at https://g.page/AeroSports-scarborough. Birthday invitations are available for download or customization at https://aerosportsinvitation.netlify.app/invitationscarborough.

[3] (source: voice_call_scripts.md)
Thank you for calling AeroSports Scarborough! How can I help you today? Use a warm, upbeat tone.

One moment while I look that up for you. Use this phrase when retrieving information.

Let me connect you with one of our team members who can help you with that. One moment please. This is used when the question is beyond what the AI can handle.

Thanks for calling AeroSports Scarborough! We look forward to seeing you. Have a great day! Always end on a positive note.

We are located at one thousand one hundred and twenty Birchmount Road in Scarborough. The postal code is M1K 5G4. Speak the address clearly and slowly.

Our operating hours are from ten o'clock in the morning until eight o'clock in the evening, Sunday through Thursday, and from ten o'clock in the morning until ten o'clock in the evening on Friday and Saturday. Say times clearly with AM/PM.

The Premium Jump Pass costs twenty-four dollars and ninety cents for ninety minutes, while the VIP Jump Pass is priced at twenty-nine dollars and ninety cents for one hundred and twenty minutes. We also offer an All Day Pass for thirty-nine dollars and ninety cents and an ultimate pass which includes go karting and laser tag for forty-nine dollars and ninety cents for one hundred and eighty minutes. Please note that all prices are plus tax. Aero Socks, required for participation, cost three dollars and ninety-nine cents but they are reusable so you can bring them back next time.

We have three birthday party packages available. The Premium Party starts at thirty-nine dollars and ninety cents per jumper, offering seventy-five minutes of jump time and forty-five minutes in a private party room. The VIP Party is priced at forty-four dollars and ninety cents per jumper with ninety minutes of jump time and sixty minutes of room time. Lastly, the Ultimate Party costs fifty-nine dollars and ninety cents per jumper, providing one hundred and twenty minutes of jump time, sixty minutes of room time, plus go karting for every jumper. All packages include pizza and drinks, with a minimum requirement of ten jumpers. Would you like more details on any package?

Go karting is available on two tracks at our facility. The main track is suitable for riders who are fifty-four inches or taller and costs nineteen dollars and ninety cents for a standalone race or nine dollars and ninety cents as an add-on if you already have a jump pass. The mini track accommodates riders who are thirty-six inches or taller, with a standalone cost of nine dollars and ninety cents or four dollars and ninety cents as an add-on. Each race allows up to ten laps. Remember that closed-toed shoes are required for go karting.

You can book online at our website aerosportsparks.ca, or I can assist you with the booking process right now. Would you like to proceed?

Everyone who enters the park needs a signed waiver, including non-jumpers. You have the option to fill it out online ahead of time on our website to save time at check-in. For anyone under eighteen years old, a parent or legal guardian must sign the waiver. Emphasize completing the waiver online to reduce wait times.

For groups of fifteen or more people, we offer a twenty-five percent discount with the code GROUPBOOKING25, which brings the price down to approximately twenty-five dollars and forty-seven cents per person for one hundred and twenty minutes including socks. Would you like to book a group visit?

Currently, we have an April Birthday Promotion offering up to one hundred and fifty dollars off birthday parties. Use the code APRILBDAY50 for a discount of fifty dollars on a Premium party, APRILBDAY100 for a hundred-dollar discount on a VIP party, or APRILBDAY150 for a one hundred and fifty-dollar discount on an Ultimate party. To qualify, you need to book by April thirty-first and host the event by September thirtieth.

We offer AeroCamp for children aged four to twelve years old. The full-day camp runs from eight-thirty in the morning until four-thirty in the afternoon at a cost of sixty-nine dollars and ninety cents per day or two hundred and ninety-nine dollars and ninety cents for a full week. We also have half-day options available for thirty-nine dollars and ninety cents. Activities include trampolines, games, challenges, crafts, and group activities.

[4] (source: faqs.md)
Yes, AeroSports socks are required at all locations. These jump socks are available for three dollars and ninety-nine cents plus tax. They are reusable, so it's recommended to keep them for future visits.

Our trampolines have a weight limit of three hundred pounds.

Waivers are necessary for every guest visiting the park, including those who do not participate in jumping activities. You can fill out the waiver online before your arrival to reduce check-in time. Children under eighteen years old must have their waivers signed by a parent or legal guardian.

Children under twelve years old cannot be left unattended at the park. While all children under eighteen need a parent or legal guardian to sign the waiver, it's important to ensure they understand the park rules before being dropped off.

Non-jumpers are never charged admission; only those participating in jumping activities pay for general admission.

Yes! We have a fully stocked Snack Shack serving delicious treats available for purchase.

Weekends tend to be busier than weekdays at our park. Weekdays generally offer shorter wait times and less crowded conditions, making it easier to enjoy the attractions without long lines.

The best time to visit is typically in the morning right when we open or later in the afternoon before closing. This timing helps avoid peak crowds that usually occur around midday.

Yes, you can bring your own food into the park. However, please note that outside food and beverages are not allowed inside our attractions for safety reasons. You're welcome to enjoy your snacks in designated areas such as picnic spots or while waiting in line.

Our birthday party packages include a private room with jump time included. The premium package does not include socks, but you can purchase them separately. The VIP package offers socks at fifty percent off, and the ultimate package includes free socks.

Additional jumpers beyond the minimum required for your package can be added at the per-jumper price. Make sure that the total number of jumpers does not exceed the room capacity.

Yes, additional jumping or party room time may be available for purchase based on availability.

The minimum jumper count for your package is still charged even if some guests do not show up. There might also be additional fees for extra arrivals beyond what was initially planned.

While we try to accommodate requests for specific party rooms, we cannot guarantee them as it depends on availability at the time of booking.

Yes, there is an area designated for parents to wait while their children enjoy the party activities. Parents can relax in our viewing area or common spaces within the park.

You are allowed to bring outside decorations as long as they comply with our policies. Please note that confetti, piñatas, and silly string are not permitted, and a cleaning charge of forty dollars will be applied if these items are used.

The check-in process for party guests involves staff assistance. It's important to ensure all waivers are completed beforehand, and wristbands will be provided upon arrival.

Yes, we can accommodate dietary restrictions with advance notice. Please contact us in advance to discuss your specific needs so that we can make the necessary arrangements.

If your party runs late, it must adhere to the scheduled time as planned. Overages may result in additional fees being charged.

The birthday child is included in the jumper count for the minimum required by your package.

Digital invitations are included with every birthday party package. If you prefer physical invitations, they can be provided at a cost of seventy-five cents each.

Yes, themed props or costumes that are safe and suitable for jumping activities are allowed.

If a child gets injured during their time at our park, trained staff will respond on-site immediately. Parents will be notified right away, and emergency protocols will be followed if the injury is serious.

You can arrange to tour the facility before making your booking by contacting us directly. We'll help set up a convenient time for you to visit.

Yes, splitting the party cost is possible. Please let us know in advance so we can accommodate this request.

Our staff assists with both setup and cleanup of birthday parties to ensure everything runs smoothly from start to finish.

Non-jumpers are welcome to enjoy the party room and food but will not have access to jumping attractions. They do not count toward the minimum number required for your package.

Yes, you can book our camp programs for twins or multiple children. Please inform us in advance so we can customize plans accordingly.

If you need to reschedule your booking within one year of the original date, there is no charge.

[5] (source: attractions.md)
The Freestyle/Open Jump attraction features wall-to-wall trampolines where visitors can jump, flip, and freestyle. This main trampoline area includes interconnected trampolines for bouncing fun. It is available to all ages as long as a child can walk, and the activity is included with any jump pass.

Rock Walls offer indoor rock climbing walls with different difficulty levels, allowing participants to test their strength and push their limits by climbing to the top. This attraction is also open to all ages and is included with any jump pass.

Go Karting provides an exciting experience of indoor go kart racing on two tracks: a Main Track for taller riders and a Mini Track for younger kids. The karts are electric, and participants can race up to ten laps per race. To ride the Main Track, individuals must be at least fifty-two inches tall, while those riding the Mini Track must be at least thirty-six inches tall. Closed-toed shoes are required for safety. Go Karting is not included in the jump pass and requires a separate ticket or add-on.

The 360 Bicycle attraction offers a pedal-powered thrill ride where participants cycle through a full three hundred sixty-degree loop in the air, providing a unique experience not commonly found at most parks. This activity is available to all ages and is included with any jump pass.

Donut Slide and Carpet Slide provide high-speed sliding fun where visitors can grab a tube or carpet and race down giant slides. This attraction is suitable for all ages and is included with any jump pass.

Dodgeball takes place in a trampoline dodgeball arena, offering a high-energy team game that involves bouncing and throwing. It's great for groups and competitive fun, available to all ages, and included with any jump pass.

Slam Basketball/Aero Slam features trampoline basketball hoops where participants can bounce and dunk like professionals. This attraction is suitable for all ages and is included with any jump pass.

The Ninja Maze is an obstacle course maze filled with twists, turns, and challenges designed to test agility and ninja skills. It's open to all ages and included with any jump pass.

Jump Tower/Aero Drop offers an adrenaline-filled free-fall jump from above, where participants leap off the tower and land safely below. This attraction is great for thrill seekers of all ages and is included with any jump pass.

Ninja Warrior provides a full ninja warrior obstacle course to test strength, speed, and agility, inspired by the TV show and suitable for all skill levels. It's available to all ages and included with any jump pass.

Laser Tag features a high-energy laser tag arena with immersive lighting, sound effects, and tactical gameplay. This fast-paced team game is designed for all ages but requires a separate ticket or add-on as it is not included in the jump pass.

Bazooka Ball offers an action-packed experience where players use air-powered launchers to shoot soft foam balls at targets and opponents. This attraction is suitable for all ages but requires a separate ticket or add-on, as it is not included with any jump pass.

[6] (source: faqs.md)
If a child gets injured during their time at our park, trained staff will respond on-site immediately. Parents will be notified right away, and emergency protocols will be followed if the injury is serious.

You can arrange to tour the facility before making your booking by contacting us directly. We'll help set up a convenient time for you to visit.

Yes, splitting the party cost is possible. Please let us know in advance so we can accommodate this request.

Our staff assists with both setup and cleanup of birthday parties to ensure everything runs smoothly from start to finish.

Non-jumpers are welcome to enjoy the party room and food but will not have access to jumping attractions. They do not count toward the minimum number required for your package.

Yes, you can book our camp programs for twins or multiple children. Please inform us in advance so we can customize plans accordingly.

If you need to reschedule your booking within one year of the original date, there is no charge. If you cancel fourteen days or more before the scheduled event, a store gift card will be issued. Cancellations made within fourteen days of the event do not qualify for a refund.

Upgrades or downgrades to your package must be done at least fourteen days in advance and are subject to availability.

Yes, there may be rewards available for hosting multiple parties. Please contact us to learn more about repeat booking discounts or other incentives we might offer.

Aero Camp includes supervised trampoline activities, games, challenges, crafts, contests, and group activities designed to keep campers engaged throughout the day.

You can book individual days or a full week at Aero Camp, with both pricing options available for your convenience.

Lunch is not included in the camp package but can be added for nine dollars and ninety cents per day. Alternatively, you may choose to send a packed lunch from home.

To register your child for Aero Camp, you can do so online or by calling the park directly. Spots fill up quickly, so early registration is recommended.

Your child should bring comfortable activewear suitable for physical activities, a packed lunch and snacks if not opting for the lunch combo, and a refillable water bottle to stay hydrated throughout the day.

Yes, there will be trained staff supervising campers at all times to ensure their safety and enjoyment during camp activities.

You can add early drop-off or late pick-up options last minute by notifying the camp team as soon as possible. We typically accommodate these requests with short notice.

The age requirement for Aero Camp is four to twelve years old, ensuring that all participants are within a suitable range for the planned activities.

A signed waiver is required before attending Aero Camp. You can complete this online or at the park upon arrival.

PA Day Camps are offered on all PA days as per Catholic and Public Elementary School Boards' schedules. Check our website or call us to get more information about these specific dates.

Summer Camp runs during specific weeks in the summer, with exact dates announced closer to the start of the season.

March Break Camp is available during the official March Break period for all elementary and secondary students.

Winter Camp takes place during the winter holiday period. The exact dates will be posted closer to the season.

While we encourage parents to drop off their children at camp for a smooth experience, you can let us know if your child needs settling-in support upon arrival.

Extended hours are structured with supervised free play or quiet activities. Early drop-off is available from 7:30 AM, and late pick-up can be arranged past 6 PM, though prices may vary depending on the timing.

Yes, we have a lost and found area where items left behind by campers can be retrieved. We recommend labeling all personal belongings to facilitate this process if needed.

Electronic devices are not allowed during camp activities to avoid distractions or potential damage. We recommend leaving them at home for your child's safety and full engagement in the camp experience.

There will be rest periods throughout the day, including short breaks for rest, snacks, and lunch. During these times, quiet activities like crafts may also be offered to provide a balanced schedule for campers.

If your child feels unwell during camp, we will notify you immediately. Our trained staff can handle minor first-aid situations, and emergency contacts provided at registration will be used if necessary.

Behavioral issues are managed calmly by our staff. If further action is needed, parents will be informed to address the situation appropriately.

[7] (source: park_rules.md)
All jumpers must wear AeroSports Socks on all park attractions, which cost three dollars and ninety-nine cents each and are reusable. Adults or individuals staying to watch their kids or supervise are counted as spectators and do not need to pay for entry. Toddlers under two years old must be accompanied by a parent who has purchased an adult jump ticket for ages six and up.

Trampolines have a three hundred pound weight limit. All jumpers must have a completed liability waiver on file, and anyone under eighteen must have the waiver signed by a parent or legal guardian. The waiver can be filled out online at waiver.roller.app/aerosportsscarborough or completed on site.

Anyone eighteen years old or older can sign their own waiver with a valid photo ID that includes a picture and date of birth. All purchases are final and non-refundable, but rescheduling is free of charge if done twenty-four hours or more before the reservation date; this does not apply to birthday party schedule changes. All prices shown include HST.

Closed-toed shoes are required for Go Karting. The Main Track requires jumpers to be at least fifty-four inches tall, while the Mini Track requires a minimum height of thirty-six inches. Stand-alone Go Kart tickets are available for guests who are not purchasing a jump pass, whereas Go Kart Add-Ons are for those who have already purchased a jump pass.

Children under ten years old cannot be dropped off without an adult present, and all children under eighteen need a parent or legal guardian to sign the waiver. Outside food is not allowed in the park except with certain birthday party packages; however, The Snack Shack sells pizza, slushies, candy, drinks, and other treats.

Complimentary Wi-Fi is available for parents throughout the facility, which has plenty of seating. We hire individuals who are sixteen years old or older. Gift cards can be purchased at the park or online, and jump cards never expire; they can be used by different jumpers.


--- msg[1]  role=user ---
For calling.

--- msg[2]  role=assistant ---
Sure thing!

--- msg[3]  role=user ---
Hello?

--- msg[4]  role=assistant ---
Hi there! How can I help you today?

--- msg[5]  role=user ---
Hi.

--- msg[6]  role=assistant ---
Hey!

--- msg[7]  role=user ---
Do you guys have any slides

--- msg[8]  role=assistant ---
Yes, we do! We have a variety of slides for all ages to enjoy. Whether it's a twisty slide or a straight drop, there's something fun for everyone at our park. Let me know if you need more details about the specific types of slides we offer! .

--- msg[9]  role=user ---
Do you guys have any trampoline?
────────────────────────────────────────────

[2026-04-25 14:15:59.760] [LLM_RAW_RESPONSE] [Turn #5]
────────────────────────────────────────────
Yes, we do! Our Freestyle/Open Jump attraction features wall-to-wall trampolines where visitors can jump, flip, and freestyle. This main trampoline area includes interconnected trampolines for bouncing fun and is available to all ages as long as a child can walk. The activity is included with any jump pass you purchase. Additionally, we have other attractions like Rock Walls, Ninja Maze, Slam Basketball/Aero Slam, Jump Tower/Aero Drop, and Ninja Warrior that incorporate trampoline elements or are suitable for those who enjoy jumping activities. If you're interested in more details about our trampoline offerings or need help with booking a jump pass, feel free to ask! 
────────────────────────────────────────────

[2026-04-25 14:15:59.761] [FINAL_RESPONSE_TO_CALLER] [Turn #5]
────────────────────────────────────────────
Yes, we do! Our Freestyle/Open Jump attraction features wall-to-wall trampolines where visitors can jump, flip, and freestyle. This main trampoline area includes interconnected trampolines for bouncing fun and is available to all ages as long as a child can walk. The activity is included with any jump pass you purchase. Additionally, we have other attractions like Rock Walls, Ninja Maze, Slam Basketball/Aero Slam, Jump Tower/Aero Drop, and Ninja Warrior that incorporate trampoline elements or are suitable for those who enjoy jumping activities. If you're interested in more details about our trampoline offerings or need help with booking a jump pass, feel free to ask!
────────────────────────────────────────────

[2026-04-25 14:16:39.709] [INCOMING_TRANSCRIPT] [Turn #6]
────────────────────────────────────────────
Then what are the job passes you guys have?
────────────────────────────────────────────

[2026-04-25 14:16:40.833] [REFINED_QUERY] [Turn #6]
────────────────────────────────────────────
Original : Then what are the job passes you guys have?
Refined  : What types of job passes does AeroSports Scarborough offer, considering their attractions include slides and a Freestyle/Open Jump trampoline area? 

(Note: The context includes that AeroSports Scarborough has various slides for all ages and a main trampoline attraction available with any junior pass.)
────────────────────────────────────────────

[2026-04-25 14:16:41.111] [RAG_RESULTS] [Turn #6]
────────────────────────────────────────────
Retrieved 7 document(s):

[1]  score=0.6571489759861249  source=chatbot_quick_replies.md
AeroSports Scarborough offers a variety of activities including wall-to-wall trampolines, a ninja warrior course, a ninja maze, rock climbing walls, dodgeball, slam basketball, a 360 bicycle ride, giant slides, a jump tower, and go karting. Everything except go karting is included in your jump pass.

A ninety-minute Premium Jump Pass costs twenty-four dollars and ninety cents, while a one hundred and twenty-minute VIP Jump Pass costs twenty-nine dollars and ninety cents. The All Day Pass is pric…

[2]  score=0.5558550689134053  source=location_info.md
AeroSports Scarborough is located at one thousand one hundred and twenty Birchmount Road, Scarborough, Ontario, M1K five zero four four. The contact phone number for AeroSports Scarborough is two eighty-nine dash four fifty-four-five five five five. To reach the park extension, dial three. For email inquiries, send messages to events.scb at aerosportsparks dot ca. Scott and Rachit are the contact managers available for assistance. More information can be found on their website at https://www.aer…

[3]  score=0.5361657738685608  source=attractions.md
The Freestyle/Open Jump attraction features wall-to-wall trampolines where visitors can jump, flip, and freestyle. This main trampoline area includes interconnected trampolines for bouncing fun. It is available to all ages as long as a child can walk, and the activity is included with any jump pass.

Rock Walls offer indoor rock climbing walls with different difficulty levels, allowing participants to test their strength and push their limits by climbing to the top. This attraction is also open …

[4]  score=0.477462111560233  source=jump_prices.md
The Open Jump pass options are available for different age groups and include various features. 

For individuals aged six years or older, the Premium Jump Pass costs twenty-four dollars and ninety cents and lasts ninety minutes. This pass grants access to all attractions except Go Karting, Laser tag, Bazooka ball, and Mini golf.

 Alternatively, the VIP Jump Pass for the same age group is priced at twenty-nine dollars and ninety cents and provides one hundred and twenty minutes of access with t…

[5]  score=0.47712451219558716  source=voice_call_scripts.md
Thank you for calling AeroSports Scarborough! How can I help you today? Use a warm, upbeat tone.

One moment while I look that up for you. Use this phrase when retrieving information.

Let me connect you with one of our team members who can help you with that. One moment please. This is used when the question is beyond what the AI can handle.

Thanks for calling AeroSports Scarborough! We look forward to seeing you. Have a great day! Always end on a positive note.

We are located at one thousand…

[6]  score=0.47038379488088  source=park_rules.md
All jumpers must wear AeroSports Socks on all park attractions, which cost three dollars and ninety-nine cents each and are reusable. Adults or individuals staying to watch their kids or supervise are counted as spectators and do not need to pay for entry. Toddlers under two years old must be accompanied by a parent who has purchased an adult jump ticket for ages six and up.

Trampolines have a three hundred pound weight limit. All jumpers must have a completed liability waiver on file, and anyo…

[7]  score=0.4663549383667156  source=faqs.md
Yes, AeroSports socks are required at all locations. These jump socks are available for three dollars and ninety-nine cents plus tax. They are reusable, so it's recommended to keep them for future visits.

Our trampolines have a weight limit of three hundred pounds.

Waivers are necessary for every guest visiting the park, including those who do not participate in jumping activities. You can fill out the waiver online before your arrival to reduce check-in time. Children under eighteen years old…
────────────────────────────────────────────

[2026-04-25 14:16:41.111] [LLM_CONTEXT] [Turn #6]
────────────────────────────────────────────
12 message(s):

--- msg[0]  role=system ---
<identity>
You are maya, a front desk staff member at AeroSports Scarborough trampoline park, answering inbound phone calls. You are a person, not an AI. If confused, respond like maya would: "Sorry, I didn't quite catch that — what can I help you with?"
</identity>

<core_rules>
These rules are absolute. They override everything else.

1. FACTS COME ONLY FROM THE KNOWLEDGE BASE CONTEXT BELOW. If a price, package, policy, promotion, hour, or detail is not written in the context, you do not know it. Do not guess, estimate, approximate, or fill in from memory. When you don't have something, say: "Hmm, I'm not sure on that one — best thing is to call us at two eight nine, four five four, five five five five and ask for a supervisor."

2. YOU CANNOT LOOK ANYTHING UP. You have no system, no database, no booking records. Never say "let me check" or "let me pull that up" or "I see your booking." If a caller asks about an existing booking, just acknowledge briefly ("Oh okay, sure" or "Got it") and wait — the team will take it from there.

3. ONE FACT AT A TIME. Answer the specific question asked. Don't combine entries, don't dump multiple packages, don't volunteer information they didn't ask for.

4. UNKNOWN TERMS ARE UNKNOWN. If a caller uses a product name, card name, or term that doesn't appear verbatim in the context ("blue card," "gold pass," etc.), say you're not sure what that is. Never map it to something that sounds similar.
</core_rules>

<voice_style>
Every word you write will be spoken aloud by a TTS engine. Write for the ear.

- No markdown, no bullets, no asterisks, no headers, no brackets, no lists.
- Short sentences. Use commas and periods for natural pauses.
- Spell out addresses, emails, and phone numbers: "aerosportsparks dot c a", "events dot scb at aerosportsparks dot c a", "two eight nine, four five four, five five five five."
- Prices: say "nineteen ninety plus tax," not "nineteen dollars and ninety cents." Always add "plus tax" after a price.
</voice_style>

<tone>
Talk like a busy front desk staff member, not a corporate assistant. Warm but efficient.

Use contractions and natural fillers: "yeah," "okay so," "for sure," "no worries," "gotcha," "perfect," "sounds good," "let me see."

Keep replies to one to three sentences unless the caller explicitly asks for a full breakdown.

Never say: "Great question," "I'd be happy to help," "Thank you for your inquiry," "Is there anything else I can assist you with," or any other call-center phrasing. Never open with "How may I assist you today" — just "How can I help you?"

Acknowledge personal details briefly and move on. If someone mentions a birthday: "Oh nice, happy birthday to them!" then answer.
</tone>

<response_pattern>
When a question involves multiple options, packages, or price tiers — give a brief one-sentence overview of what's available, then ask ONE follow-up to narrow down. Do NOT list every option with full pricing unless the caller explicitly asks for the full breakdown.

Birthday packages example:
Caller: "What birthday packages do you have?"
Wrong: [list all three packages with full details and prices]
Right: "Yeah we've got a few — a Premium, VIP, and Ultimate package. Do you have a rough idea of how many kids are coming?"

Jump pass example:
Caller: "How much does it cost?"
Wrong: [list all pass types and prices]
Right: "Depends on how long you're staying — are you thinking just a session, or more of an all-day thing?"

Let the caller ask for more. One piece of info at a time.
</response_pattern>

<handling_specific_situations>
Existing bookings — when a caller mentions a booking, party, or reservation they already have (wants to change, cancel, reschedule, or ask about it):

Do NOT try to help with the booking itself. Do NOT ask for booking details, dates, package types, or confirmation numbers. Do NOT quote rescheduling or cancellation policies.

Instead, collect two things and end the call:

1. First, acknowledge warmly: "Oh okay, no problem — I can have someone from our team call you back to sort that out. Can I grab your name?"

2. After they give their name, ask briefly: "And just so I can let them know — what are you looking to change?" Keep it to one short question.
3. Then confirm and wrap up: "Perfect, thanks [name]. Someone will give you a call back shortly to get that sorted. Have a good one!"

Do not ask for their phone number — we already have it. Do not ask follow-up questions about the booking. Do not offer to look anything up. Three turns max, then the call ends.

New birthday party bookings: briefly mention the tiers available ("We've got a Premium, VIP, and Ultimate package"). Ask one narrowing question: "Do you have a rough idea of how many kids are coming?" or "Do you already know which one you'd like?" Once they pick one, say "Perfect — for bookings you'd want to email events dot scb at aerosportsparks dot c a or I can have our events team reach out."

General pricing questions ("how much does it cost"): ask one short clarifying question first — "Which activity are you asking about?" or "Are you thinking a single visit or something longer-term?" — before answering.

Height or age requirements: frame casually as safety. "Yeah, it's just a safety thing — they need to be at least fifty four inches for the main track."

Frustrated callers: listen, validate ("Yeah no, I totally get that"), then offer what you can from the context. If you can't resolve it: "Honestly, best thing is to email events dot scb at aerosportsparks dot c a or call back and ask for a supervisor — they'll sort it out." Never promise a fix you can't deliver.
</handling_specific_situations>

<location_and_hours>
We're on Birchmount Road in Scarborough. Park hours: Monday to Thursday ten to eight, Friday and Saturday ten to ten, Sunday ten to nine. Only mention hours if the caller asks.
</location_and_hours>

CURRENT TIME: Saturday, April 25, 2026 at 02:16 PM (Eastern Time)

KNOWLEDGE BASE CONTEXT:

[1] (source: chatbot_quick_replies.md)
AeroSports Scarborough offers a variety of activities including wall-to-wall trampolines, a ninja warrior course, a ninja maze, rock climbing walls, dodgeball, slam basketball, a 360 bicycle ride, giant slides, a jump tower, and go karting. Everything except go karting is included in your jump pass.

A ninety-minute Premium Jump Pass costs twenty-four dollars and ninety cents, while a one hundred and twenty-minute VIP Jump Pass costs twenty-nine dollars and ninety cents. The All Day Pass is priced at thirty-nine dollars and ninety cents. AeroSports grip socks are required for participation and cost three dollars and ninety-nine cents but are reusable. All prices mentioned are plus tax. Go karting is available separately starting at nine dollars and ninety cents.

AeroSports Scarborough welcomes guests of all ages as long as they can walk. Children under two years old can enter free with a paying adult. Additionally, there is Toddler Time on Saturday mornings from nine to ten o'clock in the morning exclusively for children five years old and under, which costs fifteen dollars and ninety cents per child, and one parent jumps free.

For birthday parties, AeroSports Scarborough offers three packages starting at thirty-nine dollars and ninety cents per jumper with a minimum of ten kids. All packages include pizza, drinks, access to a private party room, a glow t-shirt for the birthday child, and digital invitations. The Ultimate Package also includes go karting, a free thirty-day pass, and free socks for everyone.

AeroSports Scarborough is located at one thousand one hundred and twenty Birchmount Road in Scarborough, Ontario, M1K 5G4. You can find it on Google Maps by searching AeroSports Scarborough. The phone number to contact them is two eight nine dash four five four dash five five five five.

Safety is a top priority at AeroSports Scarborough. They have trained staff and park rules posted throughout the facility. There is a three hundred pound weight limit on trampolines, and all jumpers need a signed waiver. Children under ten years old must be accompanied by an adult. Spectators are always free to watch, and there is comfortable seating along with complimentary Wi-Fi available for parents.

[2] (source: location_info.md)
AeroSports Scarborough is located at one thousand one hundred and twenty Birchmount Road, Scarborough, Ontario, M1K five zero four four. The contact phone number for AeroSports Scarborough is two eighty-nine dash four fifty-four-five five five five. To reach the park extension, dial three. For email inquiries, send messages to events.scb at aerosportsparks dot ca. Scott and Rachit are the contact managers available for assistance. More information can be found on their website at https://www.aerosportsparks.ca.

The hours of operation for AeroSports Scarborough from Sunday to Thursday are ten o'clock in the morning until eight o'clock in the evening. On Fridays and Saturdays, the facility is open from ten o'clock in the morning until ten o'clock in the evening.

For booking activities at AeroSports Scarborough, visit their booking URL at https://ecom.roller.app/aerosportsscarborough/products/en/home. Birthday parties can be organized by visiting the birthday booking URL at https://ecom.roller.app/aerosportsscarborough/birthdayparties/en/products. To access and complete necessary waivers, go to https://waiver.roller.app/aerosportsscarborough/. The location on Google Maps can be found at https://g.page/AeroSports-scarborough. Birthday invitations are available for download or customization at https://aerosportsinvitation.netlify.app/invitationscarborough.

[3] (source: attractions.md)
The Freestyle/Open Jump attraction features wall-to-wall trampolines where visitors can jump, flip, and freestyle. This main trampoline area includes interconnected trampolines for bouncing fun. It is available to all ages as long as a child can walk, and the activity is included with any jump pass.

Rock Walls offer indoor rock climbing walls with different difficulty levels, allowing participants to test their strength and push their limits by climbing to the top. This attraction is also open to all ages and is included with any jump pass.

Go Karting provides an exciting experience of indoor go kart racing on two tracks: a Main Track for taller riders and a Mini Track for younger kids. The karts are electric, and participants can race up to ten laps per race. To ride the Main Track, individuals must be at least fifty-two inches tall, while those riding the Mini Track must be at least thirty-six inches tall. Closed-toed shoes are required for safety. Go Karting is not included in the jump pass and requires a separate ticket or add-on.

The 360 Bicycle attraction offers a pedal-powered thrill ride where participants cycle through a full three hundred sixty-degree loop in the air, providing a unique experience not commonly found at most parks. This activity is available to all ages and is included with any jump pass.

Donut Slide and Carpet Slide provide high-speed sliding fun where visitors can grab a tube or carpet and race down giant slides. This attraction is suitable for all ages and is included with any jump pass.

Dodgeball takes place in a trampoline dodgeball arena, offering a high-energy team game that involves bouncing and throwing. It's great for groups and competitive fun, available to all ages, and included with any jump pass.

Slam Basketball/Aero Slam features trampoline basketball hoops where participants can bounce and dunk like professionals. This attraction is suitable for all ages and is included with any jump pass.

The Ninja Maze is an obstacle course maze filled with twists, turns, and challenges designed to test agility and ninja skills. It's open to all ages and included with any jump pass.

Jump Tower/Aero Drop offers an adrenaline-filled free-fall jump from above, where participants leap off the tower and land safely below. This attraction is great for thrill seekers of all ages and is included with any jump pass.

Ninja Warrior provides a full ninja warrior obstacle course to test strength, speed, and agility, inspired by the TV show and suitable for all skill levels. It's available to all ages and included with any jump pass.

Laser Tag features a high-energy laser tag arena with immersive lighting, sound effects, and tactical gameplay. This fast-paced team game is designed for all ages but requires a separate ticket or add-on as it is not included in the jump pass.

Bazooka Ball offers an action-packed experience where players use air-powered launchers to shoot soft foam balls at targets and opponents. This attraction is suitable for all ages but requires a separate ticket or add-on, as it is not included with any jump pass.


--- msg[1]  role=user ---
For calling.

--- msg[2]  role=assistant ---
Sure thing!

--- msg[3]  role=user ---
Hello?

--- msg[4]  role=assistant ---
Hi there! How can I help you today?

--- msg[5]  role=user ---
Hi.

--- msg[6]  role=assistant ---
Hey!

--- msg[7]  role=user ---
Do you guys have any slides

--- msg[8]  role=assistant ---
Yes, we do! We have a variety of slides for all ages to enjoy. Whether it's a twisty slide or a straight drop, there's something fun for everyone at our park. Let me know if you need more details about the specific types of slides we offer! .

--- msg[9]  role=user ---
Do you guys have any trampoline?

--- msg[10]  role=assistant ---
Yes, we do! Our Freestyle/Open Jump attraction features wall-to-wall trampolines where visitors can jump, flip, and freestyle. This main trampoline area includes interconnected trampolines for bouncing fun and is available to all ages as long as a child can walk. The activity is included with any jump pass you purchase. Additionally, we have other attractions like Rock Walls, Ninja Maze, Slam Basketball/Aero Slam, Jump Tower/Aero Drop, and Ninja Warrior that incorporate trampoline elements or are suitable for those who enjoy jumping activities. If you're interested in more details about our trampoline offerings or need help with booking a jump pass, feel free to ask!

--- msg[11]  role=user ---
Then what are the job passes you guys have?
────────────────────────────────────────────

[2026-04-25 14:16:44.072] [LLM_RAW_RESPONSE] [Turn #6]
────────────────────────────────────────────
We offer three types of Jump Passes: 1. Premium Jump Pass: This is for ninety minutes and costs nineteen dollars and ninety cents plus tax. 2. VIP Jump Pass: This gives you one hundred and twenty minutes and costs twenty-four dollars and ninety cents plus tax. 3. All Day Pass: For unlimited fun throughout the day, it's priced at thirty-nine dollars and ninety cents plus tax. These passes give you access to all our trampoline attractions and more! Let me know if you need further details or help with booking one of these passes. 
────────────────────────────────────────────

[2026-04-25 14:16:44.073] [FINAL_RESPONSE_TO_CALLER] [Turn #6]
────────────────────────────────────────────
We offer three types of Jump Passes: 1. Premium Jump Pass: This is for ninety minutes and costs nineteen dollars and ninety cents plus tax. 2. VIP Jump Pass: This gives you one hundred and twenty minutes and costs twenty-four dollars and ninety cents plus tax. 3. All Day Pass: For unlimited fun throughout the day, it's priced at thirty-nine dollars and ninety cents plus tax. These passes give you access to all our trampoline attractions and more! Let me know if you need further details or help with booking one of these passes.
────────────────────────────────────────────

[2026-04-25 14:17:17.335] [INCOMING_TRANSCRIPT] [Turn #7]
────────────────────────────────────────────
Do does any of these passes, uh, include Go kart as well?
────────────────────────────────────────────

[2026-04-25 14:17:18.243] [REFINED_QUERY] [Turn #7]
────────────────────────────────────────────
Original : Do does any of these passes, uh, include Go kart as well?
Refined  : Does any of the Jump Passes offered by AeroSports Scarborough, such as the Premium Jump Pass, VIP Jump Pass, or All Day Pass, also include access to go-kart attractions?
────────────────────────────────────────────

[2026-04-25 14:17:18.846] [RAG_RESULTS] [Turn #7]
────────────────────────────────────────────
Retrieved 7 document(s):

[1]  score=0.7307540017815947  source=chatbot_quick_replies.md
AeroSports Scarborough offers a variety of activities including wall-to-wall trampolines, a ninja warrior course, a ninja maze, rock climbing walls, dodgeball, slam basketball, a 360 bicycle ride, giant slides, a jump tower, and go karting. Everything except go karting is included in your jump pass.

A ninety-minute Premium Jump Pass costs twenty-four dollars and ninety cents, while a one hundred and twenty-minute VIP Jump Pass costs twenty-nine dollars and ninety cents. The All Day Pass is pric…

[2]  score=0.6089466810226484  source=jump_prices.md
The Open Jump pass options are available for different age groups and include various features. 

For individuals aged six years or older, the Premium Jump Pass costs twenty-four dollars and ninety cents and lasts ninety minutes. This pass grants access to all attractions except Go Karting, Laser tag, Bazooka ball, and Mini golf.

 Alternatively, the VIP Jump Pass for the same age group is priced at twenty-nine dollars and ninety cents and provides one hundred and twenty minutes of access with t…

[3]  score=0.5801806700121968  source=voice_call_scripts.md
Thank you for calling AeroSports Scarborough! How can I help you today? Use a warm, upbeat tone.

One moment while I look that up for you. Use this phrase when retrieving information.

Let me connect you with one of our team members who can help you with that. One moment please. This is used when the question is beyond what the AI can handle.

Thanks for calling AeroSports Scarborough! We look forward to seeing you. Have a great day! Always end on a positive note.

We are located at one thousand…

[4]  score=0.5717223286628764  source=location_info.md
AeroSports Scarborough is located at one thousand one hundred and twenty Birchmount Road, Scarborough, Ontario, M1K five zero four four. The contact phone number for AeroSports Scarborough is two eighty-nine dash four fifty-four-five five five five. To reach the park extension, dial three. For email inquiries, send messages to events.scb at aerosportsparks dot ca. Scott and Rachit are the contact managers available for assistance. More information can be found on their website at https://www.aer…

[5]  score=0.5666478792848731  source=park_rules.md
All jumpers must wear AeroSports Socks on all park attractions, which cost three dollars and ninety-nine cents each and are reusable. Adults or individuals staying to watch their kids or supervise are counted as spectators and do not need to pay for entry. Toddlers under two years old must be accompanied by a parent who has purchased an adult jump ticket for ages six and up.

Trampolines have a three hundred pound weight limit. All jumpers must have a completed liability waiver on file, and anyo…

[6]  score=0.541815693162001  source=faqs.md
Yes, AeroSports socks are required at all locations. These jump socks are available for three dollars and ninety-nine cents plus tax. They are reusable, so it's recommended to keep them for future visits.

Our trampolines have a weight limit of three hundred pounds.

Waivers are necessary for every guest visiting the park, including those who do not participate in jumping activities. You can fill out the waiver online before your arrival to reduce check-in time. Children under eighteen years old…

[7]  score=0.5332767645551713  source=attractions.md
The Freestyle/Open Jump attraction features wall-to-wall trampolines where visitors can jump, flip, and freestyle. This main trampoline area includes interconnected trampolines for bouncing fun. It is available to all ages as long as a child can walk, and the activity is included with any jump pass.

Rock Walls offer indoor rock climbing walls with different difficulty levels, allowing participants to test their strength and push their limits by climbing to the top. This attraction is also open …
────────────────────────────────────────────

[2026-04-25 14:17:18.847] [LLM_CONTEXT] [Turn #7]
────────────────────────────────────────────
14 message(s):

--- msg[0]  role=system ---
<identity>
You are maya, a front desk staff member at AeroSports Scarborough trampoline park, answering inbound phone calls. You are a person, not an AI. If confused, respond like maya would: "Sorry, I didn't quite catch that — what can I help you with?"
</identity>

<core_rules>
These rules are absolute. They override everything else.

1. FACTS COME ONLY FROM THE KNOWLEDGE BASE CONTEXT BELOW. If a price, package, policy, promotion, hour, or detail is not written in the context, you do not know it. Do not guess, estimate, approximate, or fill in from memory. When you don't have something, say: "Hmm, I'm not sure on that one — best thing is to call us at two eight nine, four five four, five five five five and ask for a supervisor."

2. YOU CANNOT LOOK ANYTHING UP. You have no system, no database, no booking records. Never say "let me check" or "let me pull that up" or "I see your booking." If a caller asks about an existing booking, just acknowledge briefly ("Oh okay, sure" or "Got it") and wait — the team will take it from there.

3. ONE FACT AT A TIME. Answer the specific question asked. Don't combine entries, don't dump multiple packages, don't volunteer information they didn't ask for.

4. UNKNOWN TERMS ARE UNKNOWN. If a caller uses a product name, card name, or term that doesn't appear verbatim in the context ("blue card," "gold pass," etc.), say you're not sure what that is. Never map it to something that sounds similar.
</core_rules>

<voice_style>
Every word you write will be spoken aloud by a TTS engine. Write for the ear.

- No markdown, no bullets, no asterisks, no headers, no brackets, no lists.
- Short sentences. Use commas and periods for natural pauses.
- Spell out addresses, emails, and phone numbers: "aerosportsparks dot c a", "events dot scb at aerosportsparks dot c a", "two eight nine, four five four, five five five five."
- Prices: say "nineteen ninety plus tax," not "nineteen dollars and ninety cents." Always add "plus tax" after a price.
</voice_style>

<tone>
Talk like a busy front desk staff member, not a corporate assistant. Warm but efficient.

Use contractions and natural fillers: "yeah," "okay so," "for sure," "no worries," "gotcha," "perfect," "sounds good," "let me see."

Keep replies to one to three sentences unless the caller explicitly asks for a full breakdown.

Never say: "Great question," "I'd be happy to help," "Thank you for your inquiry," "Is there anything else I can assist you with," or any other call-center phrasing. Never open with "How may I assist you today" — just "How can I help you?"

Acknowledge personal details briefly and move on. If someone mentions a birthday: "Oh nice, happy birthday to them!" then answer.
</tone>

<response_pattern>
When a question involves multiple options, packages, or price tiers — give a brief one-sentence overview of what's available, then ask ONE follow-up to narrow down. Do NOT list every option with full pricing unless the caller explicitly asks for the full breakdown.

Birthday packages example:
Caller: "What birthday packages do you have?"
Wrong: [list all three packages with full details and prices]
Right: "Yeah we've got a few — a Premium, VIP, and Ultimate package. Do you have a rough idea of how many kids are coming?"

Jump pass example:
Caller: "How much does it cost?"
Wrong: [list all pass types and prices]
Right: "Depends on how long you're staying — are you thinking just a session, or more of an all-day thing?"

Let the caller ask for more. One piece of info at a time.
</response_pattern>

<handling_specific_situations>
Existing bookings — when a caller mentions a booking, party, or reservation they already have (wants to change, cancel, reschedule, or ask about it):

Do NOT try to help with the booking itself. Do NOT ask for booking details, dates, package types, or confirmation numbers. Do NOT quote rescheduling or cancellation policies.

Instead, collect two things and end the call:

1. First, acknowledge warmly: "Oh okay, no problem — I can have someone from our team call you back to sort that out. Can I grab your name?"

2. After they give their name, ask briefly: "And just so I can let them know — what are you looking to change?" Keep it to one short question.
3. Then confirm and wrap up: "Perfect, thanks [name]. Someone will give you a call back shortly to get that sorted. Have a good one!"

Do not ask for their phone number — we already have it. Do not ask follow-up questions about the booking. Do not offer to look anything up. Three turns max, then the call ends.

New birthday party bookings: briefly mention the tiers available ("We've got a Premium, VIP, and Ultimate package"). Ask one narrowing question: "Do you have a rough idea of how many kids are coming?" or "Do you already know which one you'd like?" Once they pick one, say "Perfect — for bookings you'd want to email events dot scb at aerosportsparks dot c a or I can have our events team reach out."

General pricing questions ("how much does it cost"): ask one short clarifying question first — "Which activity are you asking about?" or "Are you thinking a single visit or something longer-term?" — before answering.

Height or age requirements: frame casually as safety. "Yeah, it's just a safety thing — they need to be at least fifty four inches for the main track."

Frustrated callers: listen, validate ("Yeah no, I totally get that"), then offer what you can from the context. If you can't resolve it: "Honestly, best thing is to email events dot scb at aerosportsparks dot c a or call back and ask for a supervisor — they'll sort it out." Never promise a fix you can't deliver.
</handling_specific_situations>

<location_and_hours>
We're on Birchmount Road in Scarborough. Park hours: Monday to Thursday ten to eight, Friday and Saturday ten to ten, Sunday ten to nine. Only mention hours if the caller asks.
</location_and_hours>

CURRENT TIME: Saturday, April 25, 2026 at 02:17 PM (Eastern Time)

KNOWLEDGE BASE CONTEXT:

[1] (source: chatbot_quick_replies.md)
AeroSports Scarborough offers a variety of activities including wall-to-wall trampolines, a ninja warrior course, a ninja maze, rock climbing walls, dodgeball, slam basketball, a 360 bicycle ride, giant slides, a jump tower, and go karting. Everything except go karting is included in your jump pass.

A ninety-minute Premium Jump Pass costs twenty-four dollars and ninety cents, while a one hundred and twenty-minute VIP Jump Pass costs twenty-nine dollars and ninety cents. The All Day Pass is priced at thirty-nine dollars and ninety cents. AeroSports grip socks are required for participation and cost three dollars and ninety-nine cents but are reusable. All prices mentioned are plus tax. Go karting is available separately starting at nine dollars and ninety cents.

AeroSports Scarborough welcomes guests of all ages as long as they can walk. Children under two years old can enter free with a paying adult. Additionally, there is Toddler Time on Saturday mornings from nine to ten o'clock in the morning exclusively for children five years old and under, which costs fifteen dollars and ninety cents per child, and one parent jumps free.

For birthday parties, AeroSports Scarborough offers three packages starting at thirty-nine dollars and ninety cents per jumper with a minimum of ten kids. All packages include pizza, drinks, access to a private party room, a glow t-shirt for the birthday child, and digital invitations. The Ultimate Package also includes go karting, a free thirty-day pass, and free socks for everyone.

AeroSports Scarborough is located at one thousand one hundred and twenty Birchmount Road in Scarborough, Ontario, M1K 5G4. You can find it on Google Maps by searching AeroSports Scarborough. The phone number to contact them is two eight nine dash four five four dash five five five five.

Safety is a top priority at AeroSports Scarborough. They have trained staff and park rules posted throughout the facility. There is a three hundred pound weight limit on trampolines, and all jumpers need a signed waiver. Children under ten years old must be accompanied by an adult. Spectators are always free to watch, and there is comfortable seating along with complimentary Wi-Fi available for parents.

[2] (source: jump_prices.md)
The Open Jump pass options are available for different age groups and include various features. 

For individuals aged six years or older, the Premium Jump Pass costs twenty-four dollars and ninety cents and lasts ninety minutes. This pass grants access to all attractions except Go Karting, Laser tag, Bazooka ball, and Mini golf.

 Alternatively, the VIP Jump Pass for the same age group is priced at twenty-nine dollars and ninety cents and provides one hundred and twenty minutes of access with the same exclusions.

For children aged two to five years, the Premium Jump Pass also costs twenty-four dollars and ninety cents and lasts ninety minutes, offering similar access as the adult version. The VIP Jump Pass for this age group is priced at twenty-nine dollars and ninety cents and provides one hundred and twenty minutes of access with the same exclusions.

For individuals aged six years or older, there is an Ultimate Jump Pass available for forty-nine dollars and ninety cents, which lasts one hundred and eighty minutes. This pass includes access to all core attractions, allowing the choice between Go Karting or Mini golf and Laser tag or Bazooka ball.

Children under two years old can use any pass for free, but a paying adult must accompany them, sharing the same duration as the accompanying parent's pass.

The All Day Pass is available for all ages at thirty-nine dollars and ninety cents, offering unlimited access to attractions throughout the entire day.

Regarding required gear, Aero Socks are priced at three dollars and ninety-nine cents. These socks are reusable and mandatory for all jumpers on all park attractions. Visitors are encouraged to bring them back for future visits.

[3] (source: voice_call_scripts.md)
Thank you for calling AeroSports Scarborough! How can I help you today? Use a warm, upbeat tone.

One moment while I look that up for you. Use this phrase when retrieving information.

Let me connect you with one of our team members who can help you with that. One moment please. This is used when the question is beyond what the AI can handle.

Thanks for calling AeroSports Scarborough! We look forward to seeing you. Have a great day! Always end on a positive note.

We are located at one thousand one hundred and twenty Birchmount Road in Scarborough. The postal code is M1K 5G4. Speak the address clearly and slowly.

Our operating hours are from ten o'clock in the morning until eight o'clock in the evening, Sunday through Thursday, and from ten o'clock in the morning until ten o'clock in the evening on Friday and Saturday. Say times clearly with AM/PM.

The Premium Jump Pass costs twenty-four dollars and ninety cents for ninety minutes, while the VIP Jump Pass is priced at twenty-nine dollars and ninety cents for one hundred and twenty minutes. We also offer an All Day Pass for thirty-nine dollars and ninety cents and an ultimate pass which includes go karting and laser tag for forty-nine dollars and ninety cents for one hundred and eighty minutes. Please note that all prices are plus tax. Aero Socks, required for participation, cost three dollars and ninety-nine cents but they are reusable so you can bring them back next time.

We have three birthday party packages available. The Premium Party starts at thirty-nine dollars and ninety cents per jumper, offering seventy-five minutes of jump time and forty-five minutes in a private party room. The VIP Party is priced at forty-four dollars and ninety cents per jumper with ninety minutes of jump time and sixty minutes of room time. Lastly, the Ultimate Party costs fifty-nine dollars and ninety cents per jumper, providing one hundred and twenty minutes of jump time, sixty minutes of room time, plus go karting for every jumper. All packages include pizza and drinks, with a minimum requirement of ten jumpers. Would you like more details on any package?

Go karting is available on two tracks at our facility. The main track is suitable for riders who are fifty-four inches or taller and costs nineteen dollars and ninety cents for a standalone race or nine dollars and ninety cents as an add-on if you already have a jump pass. The mini track accommodates riders who are thirty-six inches or taller, with a standalone cost of nine dollars and ninety cents or four dollars and ninety cents as an add-on. Each race allows up to ten laps. Remember that closed-toed shoes are required for go karting.

You can book online at our website aerosportsparks.ca, or I can assist you with the booking process right now. Would you like to proceed?

Everyone who enters the park needs a signed waiver, including non-jumpers. You have the option to fill it out online ahead of time on our website to save time at check-in. For anyone under eighteen years old, a parent or legal guardian must sign the waiver. Emphasize completing the waiver online to reduce wait times.

For groups of fifteen or more people, we offer a twenty-five percent discount with the code GROUPBOOKING25, which brings the price down to approximately twenty-five dollars and forty-seven cents per person for one hundred and twenty minutes including socks. Would you like to book a group visit?

Currently, we have an April Birthday Promotion offering up to one hundred and fifty dollars off birthday parties. Use the code APRILBDAY50 for a discount of fifty dollars on a Premium party, APRILBDAY100 for a hundred-dollar discount on a VIP party, or APRILBDAY150 for a one hundred and fifty-dollar discount on an Ultimate party. To qualify, you need to book by April thirty-first and host the event by September thirtieth.

We offer AeroCamp for children aged four to twelve years old. The full-day camp runs from eight-thirty in the morning until four-thirty in the afternoon at a cost of sixty-nine dollars and ninety cents per day or two hundred and ninety-nine dollars and ninety cents for a full week. We also have half-day options available for thirty-nine dollars and ninety cents. Activities include trampolines, games, challenges, crafts, and group activities.

[4] (source: location_info.md)
AeroSports Scarborough is located at one thousand one hundred and twenty Birchmount Road, Scarborough, Ontario, M1K five zero four four. The contact phone number for AeroSports Scarborough is two eighty-nine dash four fifty-four-five five five five. To reach the park extension, dial three. For email inquiries, send messages to events.scb at aerosportsparks dot ca. Scott and Rachit are the contact managers available for assistance. More information can be found on their website at https://www.aerosportsparks.ca.

The hours of operation for AeroSports Scarborough from Sunday to Thursday are ten o'clock in the morning until eight o'clock in the evening. On Fridays and Saturdays, the facility is open from ten o'clock in the morning until ten o'clock in the evening.

For booking activities at AeroSports Scarborough, visit their booking URL at https://ecom.roller.app/aerosportsscarborough/products/en/home. Birthday parties can be organized by visiting the birthday booking URL at https://ecom.roller.app/aerosportsscarborough/birthdayparties/en/products. To access and complete necessary waivers, go to https://waiver.roller.app/aerosportsscarborough/. The location on Google Maps can be found at https://g.page/AeroSports-scarborough. Birthday invitations are available for download or customization at https://aerosportsinvitation.netlify.app/invitationscarborough.

[5] (source: park_rules.md)
All jumpers must wear AeroSports Socks on all park attractions, which cost three dollars and ninety-nine cents each and are reusable. Adults or individuals staying to watch their kids or supervise are counted as spectators and do not need to pay for entry. Toddlers under two years old must be accompanied by a parent who has purchased an adult jump ticket for ages six and up.

Trampolines have a three hundred pound weight limit. All jumpers must have a completed liability waiver on file, and anyone under eighteen must have the waiver signed by a parent or legal guardian. The waiver can be filled out online at waiver.roller.app/aerosportsscarborough or completed on site.

Anyone eighteen years old or older can sign their own waiver with a valid photo ID that includes a picture and date of birth. All purchases are final and non-refundable, but rescheduling is free of charge if done twenty-four hours or more before the reservation date; this does not apply to birthday party schedule changes. All prices shown include HST.

Closed-toed shoes are required for Go Karting. The Main Track requires jumpers to be at least fifty-four inches tall, while the Mini Track requires a minimum height of thirty-six inches. Stand-alone Go Kart tickets are available for guests who are not purchasing a jump pass, whereas Go Kart Add-Ons are for those who have already purchased a jump pass.

Children under ten years old cannot be dropped off without an adult present, and all children under eighteen need a parent or legal guardian to sign the waiver. Outside food is not allowed in the park except with certain birthday party packages; however, The Snack Shack sells pizza, slushies, candy, drinks, and other treats.

Complimentary Wi-Fi is available for parents throughout the facility, which has plenty of seating. We hire individuals who are sixteen years old or older. Gift cards can be purchased at the park or online, and jump cards never expire; they can be used by different jumpers.

[6] (source: faqs.md)
Yes, AeroSports socks are required at all locations. These jump socks are available for three dollars and ninety-nine cents plus tax. They are reusable, so it's recommended to keep them for future visits.

Our trampolines have a weight limit of three hundred pounds.

Waivers are necessary for every guest visiting the park, including those who do not participate in jumping activities. You can fill out the waiver online before your arrival to reduce check-in time. Children under eighteen years old must have their waivers signed by a parent or legal guardian.

Children under twelve years old cannot be left unattended at the park. While all children under eighteen need a parent or legal guardian to sign the waiver, it's important to ensure they understand the park rules before being dropped off.

Non-jumpers are never charged admission; only those participating in jumping activities pay for general admission.

Yes! We have a fully stocked Snack Shack serving delicious treats available for purchase.

Weekends tend to be busier than weekdays at our park. Weekdays generally offer shorter wait times and less crowded conditions, making it easier to enjoy the attractions without long lines.

The best time to visit is typically in the morning right when we open or later in the afternoon before closing. This timing helps avoid peak crowds that usually occur around midday.

Yes, you can bring your own food into the park. However, please note that outside food and beverages are not allowed inside our attractions for safety reasons. You're welcome to enjoy your snacks in designated areas such as picnic spots or while waiting in line.

Our birthday party packages include a private room with jump time included. The premium package does not include socks, but you can purchase them separately. The VIP package offers socks at fifty percent off, and the ultimate package includes free socks.

Additional jumpers beyond the minimum required for your package can be added at the per-jumper price. Make sure that the total number of jumpers does not exceed the room capacity.

Yes, additional jumping or party room time may be available for purchase based on availability.

The minimum jumper count for your package is still charged even if some guests do not show up. There might also be additional fees for extra arrivals beyond what was initially planned.

While we try to accommodate requests for specific party rooms, we cannot guarantee them as it depends on availability at the time of booking.

Yes, there is an area designated for parents to wait while their children enjoy the party activities. Parents can relax in our viewing area or common spaces within the park.

You are allowed to bring outside decorations as long as they comply with our policies. Please note that confetti, piñatas, and silly string are not permitted, and a cleaning charge of forty dollars will be applied if these items are used.

The check-in process for party guests involves staff assistance. It's important to ensure all waivers are completed beforehand, and wristbands will be provided upon arrival.

Yes, we can accommodate dietary restrictions with advance notice. Please contact us in advance to discuss your specific needs so that we can make the necessary arrangements.

If your party runs late, it must adhere to the scheduled time as planned. Overages may result in additional fees being charged.

The birthday child is included in the jumper count for the minimum required by your package.

Digital invitations are included with every birthday party package. If you prefer physical invitations, they can be provided at a cost of seventy-five cents each.

Yes, themed props or costumes that are safe and suitable for jumping activities are allowed.

If a child gets injured during their time at our park, trained staff will respond on-site immediately. Parents will be notified right away, and emergency protocols will be followed if the injury is serious.

You can arrange to tour the facility before making your booking by contacting us directly. We'll help set up a convenient time for you to visit.

Yes, splitting the party cost is possible. Please let us know in advance so we can accommodate this request.

Our staff assists with both setup and cleanup of birthday parties to ensure everything runs smoothly from start to finish.

Non-jumpers are welcome to enjoy the party room and food but will not have access to jumping attractions. They do not count toward the minimum number required for your package.

Yes, you can book our camp programs for twins or multiple children. Please inform us in advance so we can customize plans accordingly.

If you need to reschedule your booking within one year of the original date, there is no charge.

[7] (source: attractions.md)
The Freestyle/Open Jump attraction features wall-to-wall trampolines where visitors can jump, flip, and freestyle. This main trampoline area includes interconnected trampolines for bouncing fun. It is available to all ages as long as a child can walk, and the activity is included with any jump pass.

Rock Walls offer indoor rock climbing walls with different difficulty levels, allowing participants to test their strength and push their limits by climbing to the top. This attraction is also open to all ages and is included with any jump pass.

Go Karting provides an exciting experience of indoor go kart racing on two tracks: a Main Track for taller riders and a Mini Track for younger kids. The karts are electric, and participants can race up to ten laps per race. To ride the Main Track, individuals must be at least fifty-two inches tall, while those riding the Mini Track must be at least thirty-six inches tall. Closed-toed shoes are required for safety. Go Karting is not included in the jump pass and requires a separate ticket or add-on.

The 360 Bicycle attraction offers a pedal-powered thrill ride where participants cycle through a full three hundred sixty-degree loop in the air, providing a unique experience not commonly found at most parks. This activity is available to all ages and is included with any jump pass.

Donut Slide and Carpet Slide provide high-speed sliding fun where visitors can grab a tube or carpet and race down giant slides. This attraction is suitable for all ages and is included with any jump pass.

Dodgeball takes place in a trampoline dodgeball arena, offering a high-energy team game that involves bouncing and throwing. It's great for groups and competitive fun, available to all ages, and included with any jump pass.

Slam Basketball/Aero Slam features trampoline basketball hoops where participants can bounce and dunk like professionals. This attraction is suitable for all ages and is included with any jump pass.

The Ninja Maze is an obstacle course maze filled with twists, turns, and challenges designed to test agility and ninja skills. It's open to all ages and included with any jump pass.

Jump Tower/Aero Drop offers an adrenaline-filled free-fall jump from above, where participants leap off the tower and land safely below. This attraction is great for thrill seekers of all ages and is included with any jump pass.

Ninja Warrior provides a full ninja warrior obstacle course to test strength, speed, and agility, inspired by the TV show and suitable for all skill levels. It's available to all ages and included with any jump pass.

Laser Tag features a high-energy laser tag arena with immersive lighting, sound effects, and tactical gameplay. This fast-paced team game is designed for all ages but requires a separate ticket or add-on as it is not included in the jump pass.

Bazooka Ball offers an action-packed experience where players use air-powered launchers to shoot soft foam balls at targets and opponents. This attraction is suitable for all ages but requires a separate ticket or add-on, as it is not included with any jump pass.


--- msg[1]  role=user ---
For calling.

--- msg[2]  role=assistant ---
Sure thing!

--- msg[3]  role=user ---
Hello?

--- msg[4]  role=assistant ---
Hi there! How can I help you today?

--- msg[5]  role=user ---
Hi.

--- msg[6]  role=assistant ---
Hey!

--- msg[7]  role=user ---
Do you guys have any slides

--- msg[8]  role=assistant ---
Yes, we do! We have a variety of slides for all ages to enjoy. Whether it's a twisty slide or a straight drop, there's something fun for everyone at our park. Let me know if you need more details about the specific types of slides we offer! .

--- msg[9]  role=user ---
Do you guys have any trampoline?

--- msg[10]  role=assistant ---
Yes, we do! Our Freestyle/Open Jump attraction features wall-to-wall trampolines where visitors can jump, flip, and freestyle. This main trampoline area includes interconnected trampolines for bouncing fun and is available to all ages as long as a child can walk. The activity is included with any jump pass you purchase. Additionally, we have other attractions like Rock Walls, Ninja Maze, Slam Basketball/Aero Slam, Jump Tower/Aero Drop, and Ninja Warrior that incorporate trampoline elements or are suitable for those who enjoy jumping activities. If you're interested in more details about our trampoline offerings or need help with booking a jump pass, feel free to ask!

--- msg[11]  role=user ---
Then what are the job passes you guys have?

--- msg[12]  role=assistant ---
We offer three types of Jump Passes: 1. Premium Jump Pass: This is for ninety minutes and costs nineteen dollars and ninety cents plus tax. 2. VIP Jump Pass: This gives you one hundred and twenty minutes and costs twenty-four dollars and ninety cents plus tax. 3. All Day Pass: For unlimited fun throughout the day, it's priced at thirty-nine dollars and ninety cents plus tax. These passes give you access to all our trampoline attractions and more! Let me know if you need further details or help with booking one of these passes.

--- msg[13]  role=user ---
Do does any of these passes, uh, include Go kart as well?
────────────────────────────────────────────

[2026-04-25 14:17:21.471] [LLM_RAW_RESPONSE] [Turn #7]
────────────────────────────────────────────
The standard jump passes do not include Go Kart ing. However, the Ultimate Birthday Party Package includes free Go Kart Add-Ons for all guests. If you're interested in adding Go Karting to another type of pass or package, it can be purchased separately as an add-on. Let me know if you need more details on how to add this to your visit! 
────────────────────────────────────────────

[2026-04-25 14:17:21.471] [FINAL_RESPONSE_TO_CALLER] [Turn #7]
────────────────────────────────────────────
The standard jump passes do not include Go Kart ing. However, the Ultimate Birthday Party Package includes free Go Kart Add-Ons for all guests. If you're interested in adding Go Karting to another type of pass or package, it can be purchased separately as an add-on. Let me know if you need more details on how to add this to your visit!
────────────────────────────────────────────

# session ended: 2026-04-25T14:17:43.345
